subject,trial,time,measure,pred,ref,unit
S01,walk1,0.00,knee_angle_r,5.331,5.149,deg
S01,walk1,0.02,knee_angle_r,6.814,5.345,deg
S01,walk1,0.04,knee_angle_r,5.729,5.929,deg
S01,walk1,0.06,knee_angle_r,9.753,6.894,deg
S01,walk1,0.08,knee_angle_r,14.793,8.227,deg
S01,walk1,0.10,knee_angle_r,10.812,9.912,deg
S01,walk1,0.12,knee_angle_r,12.239,11.925,deg
S01,walk1,0.14,knee_angle_r,17.655,14.241,deg
S01,walk1,0.16,knee_angle_r,19.586,16.830,deg
S01,walk1,0.18,knee_angle_r,21.376,19.657,deg
S01,walk1,0.20,knee_angle_r,20.995,22.687,deg
S01,walk1,0.22,knee_angle_r,26.571,25.879,deg
S01,walk1,0.24,knee_angle_r,31.726,29.192,deg
S01,walk1,0.26,knee_angle_r,28.659,32.582,deg
S01,walk1,0.28,knee_angle_r,34.401,36.006,deg
S01,walk1,0.30,knee_angle_r,33.141,39.419,deg
S01,walk1,0.32,knee_angle_r,37.998,42.776,deg
S01,walk1,0.34,knee_angle_r,39.273,46.034,deg
S01,walk1,0.36,knee_angle_r,46.897,49.149,deg
S01,walk1,0.38,knee_angle_r,46.440,52.083,deg
S01,walk1,0.40,knee_angle_r,53.497,54.795,deg
S01,walk1,0.42,knee_angle_r,55.365,57.252,deg
S01,walk1,0.44,knee_angle_r,56.285,59.420,deg
S01,walk1,0.46,knee_angle_r,50.962,61.272,deg
S01,walk1,0.48,knee_angle_r,58.257,62.783,deg
S01,walk1,0.50,knee_angle_r,60.763,63.934,deg
S01,walk1,0.52,knee_angle_r,61.947,64.710,deg
S01,walk1,0.54,knee_angle_r,57.368,65.100,deg
S01,walk1,0.56,knee_angle_r,60.525,65.100,deg
S01,walk1,0.58,knee_angle_r,58.671,64.710,deg
S01,walk1,0.60,knee_angle_r,58.482,63.934,deg
S01,walk1,0.62,knee_angle_r,63.055,62.783,deg
S01,walk1,0.64,knee_angle_r,56.090,61.272,deg
S01,walk1,0.66,knee_angle_r,56.748,59.420,deg
S01,walk1,0.68,knee_angle_r,57.548,57.252,deg
S01,walk1,0.70,knee_angle_r,50.933,54.795,deg
S01,walk1,0.72,knee_angle_r,49.907,52.083,deg
S01,walk1,0.74,knee_angle_r,47.934,49.149,deg
S01,walk1,0.76,knee_angle_r,44.990,46.034,deg
S01,walk1,0.78,knee_angle_r,38.191,42.776,deg
S01,walk1,0.80,knee_angle_r,39.073,39.419,deg
S01,walk1,0.82,knee_angle_r,39.850,36.006,deg
S01,walk1,0.84,knee_angle_r,28.051,32.582,deg
S01,walk1,0.86,knee_angle_r,32.219,29.192,deg
S01,walk1,0.88,knee_angle_r,27.017,25.879,deg
S01,walk1,0.90,knee_angle_r,21.862,22.687,deg
S01,walk1,0.92,knee_angle_r,27.061,19.657,deg
S01,walk1,0.94,knee_angle_r,20.802,16.830,deg
S01,walk1,0.96,knee_angle_r,12.587,14.241,deg
S01,walk1,0.98,knee_angle_r,14.324,11.925,deg
S01,walk1,1.00,knee_angle_r,14.019,9.912,deg
S01,walk1,1.02,knee_angle_r,10.206,8.227,deg
S01,walk1,1.04,knee_angle_r,11.621,6.894,deg
S01,walk1,1.06,knee_angle_r,8.505,5.929,deg
S01,walk1,1.08,knee_angle_r,10.180,5.345,deg
S01,walk1,1.10,knee_angle_r,12.318,5.149,deg
S01,walk1,1.12,knee_angle_r,6.151,5.345,deg
S01,walk1,1.14,knee_angle_r,9.314,5.929,deg
S01,walk1,1.16,knee_angle_r,8.183,6.894,deg
S01,walk1,1.18,knee_angle_r,11.155,8.227,deg
S01,walk1,0.00,hip_flexion_r,6.896,9.863,deg
S01,walk1,0.02,hip_flexion_r,11.266,12.713,deg
S01,walk1,0.04,hip_flexion_r,15.036,15.525,deg
S01,walk1,0.06,hip_flexion_r,20.512,18.264,deg
S01,walk1,0.08,hip_flexion_r,23.758,20.893,deg
S01,walk1,0.10,hip_flexion_r,20.071,23.379,deg
S01,walk1,0.12,hip_flexion_r,23.703,25.688,deg
S01,walk1,0.14,hip_flexion_r,29.410,27.791,deg
S01,walk1,0.16,hip_flexion_r,24.681,29.660,deg
S01,walk1,0.18,hip_flexion_r,30.115,31.272,deg
S01,walk1,0.20,hip_flexion_r,32.362,32.604,deg
S01,walk1,0.22,hip_flexion_r,36.783,33.639,deg
S01,walk1,0.24,hip_flexion_r,36.090,34.365,deg
S01,walk1,0.26,hip_flexion_r,33.954,34.771,deg
S01,walk1,0.28,hip_flexion_r,33.933,34.853,deg
S01,walk1,0.30,hip_flexion_r,33.984,34.608,deg
S01,walk1,0.32,hip_flexion_r,37.852,34.042,deg
S01,walk1,0.34,hip_flexion_r,32.091,33.160,deg
S01,walk1,0.36,hip_flexion_r,31.216,31.974,deg
S01,walk1,0.38,hip_flexion_r,31.382,30.500,deg
S01,walk1,0.40,hip_flexion_r,28.456,28.757,deg
S01,walk1,0.42,hip_flexion_r,26.275,26.767,deg
S01,walk1,0.44,hip_flexion_r,21.774,24.558,deg
S01,walk1,0.46,hip_flexion_r,22.129,22.156,deg
S01,walk1,0.48,hip_flexion_r,18.487,19.595,deg
S01,walk1,0.50,hip_flexion_r,19.823,16.906,deg
S01,walk1,0.52,hip_flexion_r,15.760,14.126,deg
S01,walk1,0.54,hip_flexion_r,11.231,11.290,deg
S01,walk1,0.56,hip_flexion_r,10.108,8.436,deg
S01,walk1,0.58,hip_flexion_r,4.751,5.600,deg
S01,walk1,0.60,hip_flexion_r,5.451,2.820,deg
S01,walk1,0.62,hip_flexion_r,0.119,0.131,deg
S01,walk1,0.64,hip_flexion_r,-0.971,-2.430,deg
S01,walk1,0.66,hip_flexion_r,-8.058,-4.832,deg
S01,walk1,0.68,hip_flexion_r,-6.174,-7.041,deg
S01,walk1,0.70,hip_flexion_r,-13.250,-9.031,deg
S01,walk1,0.72,hip_flexion_r,-15.861,-10.774,deg
S01,walk1,0.74,hip_flexion_r,-13.008,-12.248,deg
S01,walk1,0.76,hip_flexion_r,-15.682,-13.434,deg
S01,walk1,0.78,hip_flexion_r,-13.904,-14.316,deg
S01,walk1,0.80,hip_flexion_r,-9.269,-14.883,deg
S01,walk1,0.82,hip_flexion_r,-17.205,-15.127,deg
S01,walk1,0.84,hip_flexion_r,-16.604,-15.045,deg
S01,walk1,0.86,hip_flexion_r,-14.124,-14.639,deg
S01,walk1,0.88,hip_flexion_r,-12.680,-13.913,deg
S01,walk1,0.90,hip_flexion_r,-13.318,-12.878,deg
S01,walk1,0.92,hip_flexion_r,-12.059,-11.546,deg
S01,walk1,0.94,hip_flexion_r,-8.177,-9.935,deg
S01,walk1,0.96,hip_flexion_r,-6.764,-8.065,deg
S01,walk1,0.98,hip_flexion_r,-8.545,-5.962,deg
S01,walk1,1.00,hip_flexion_r,-3.850,-3.653,deg
S01,walk1,1.02,hip_flexion_r,-1.078,-1.168,deg
S01,walk1,1.04,hip_flexion_r,-1.173,1.462,deg
S01,walk1,1.06,hip_flexion_r,4.851,4.201,deg
S01,walk1,1.08,hip_flexion_r,4.869,7.013,deg
S01,walk1,1.10,hip_flexion_r,12.294,9.863,deg
S01,walk1,1.12,hip_flexion_r,13.196,12.713,deg
S01,walk1,1.14,hip_flexion_r,15.750,15.525,deg
S01,walk1,1.16,hip_flexion_r,16.788,18.264,deg
S01,walk1,1.18,hip_flexion_r,20.598,20.893,deg
S01,walk2,0.00,knee_angle_r,9.091,4.001,deg
S01,walk2,0.02,knee_angle_r,1.793,4.197,deg
S01,walk2,0.04,knee_angle_r,11.244,4.781,deg
S01,walk2,0.06,knee_angle_r,4.334,5.746,deg
S01,walk2,0.08,knee_angle_r,13.043,7.079,deg
S01,walk2,0.10,knee_angle_r,9.752,8.764,deg
S01,walk2,0.12,knee_angle_r,16.438,10.777,deg
S01,walk2,0.14,knee_angle_r,16.578,13.093,deg
S01,walk2,0.16,knee_angle_r,13.904,15.682,deg
S01,walk2,0.18,knee_angle_r,24.807,18.509,deg
S01,walk2,0.20,knee_angle_r,28.111,21.539,deg
S01,walk2,0.22,knee_angle_r,26.462,24.731,deg
S01,walk2,0.24,knee_angle_r,28.819,28.043,deg
S01,walk2,0.26,knee_angle_r,32.212,31.434,deg
S01,walk2,0.28,knee_angle_r,32.848,34.858,deg
S01,walk2,0.30,knee_angle_r,42.141,38.271,deg
S01,walk2,0.32,knee_angle_r,40.238,41.628,deg
S01,walk2,0.34,knee_angle_r,44.645,44.885,deg
S01,walk2,0.36,knee_angle_r,45.223,48.001,deg
S01,walk2,0.38,knee_angle_r,48.364,50.934,deg
S01,walk2,0.40,knee_angle_r,48.851,53.647,deg
S01,walk2,0.42,knee_angle_r,58.666,56.103,deg
S01,walk2,0.44,knee_angle_r,56.384,58.272,deg
S01,walk2,0.46,knee_angle_r,61.410,60.124,deg
S01,walk2,0.48,knee_angle_r,59.913,61.635,deg
S01,walk2,0.50,knee_angle_r,58.826,62.786,deg
S01,walk2,0.52,knee_angle_r,60.627,63.562,deg
S01,walk2,0.54,knee_angle_r,60.278,63.952,deg
S01,walk2,0.56,knee_angle_r,61.982,63.952,deg
S01,walk2,0.58,knee_angle_r,60.481,63.562,deg
S01,walk2,0.60,knee_angle_r,60.009,62.786,deg
S01,walk2,0.62,knee_angle_r,55.737,61.635,deg
S01,walk2,0.64,knee_angle_r,56.092,60.124,deg
S01,walk2,0.66,knee_angle_r,61.808,58.272,deg
S01,walk2,0.68,knee_angle_r,52.881,56.103,deg
S01,walk2,0.70,knee_angle_r,49.521,53.647,deg
S01,walk2,0.72,knee_angle_r,51.254,50.934,deg
S01,walk2,0.74,knee_angle_r,51.824,48.001,deg
S01,walk2,0.76,knee_angle_r,40.436,44.885,deg
S01,walk2,0.78,knee_angle_r,41.241,41.628,deg
S01,walk2,0.80,knee_angle_r,36.949,38.271,deg
S01,walk2,0.82,knee_angle_r,30.490,34.858,deg
S01,walk2,0.84,knee_angle_r,34.897,31.434,deg
S01,walk2,0.86,knee_angle_r,29.570,28.043,deg
S01,walk2,0.88,knee_angle_r,26.873,24.731,deg
S01,walk2,0.90,knee_angle_r,21.529,21.539,deg
S01,walk2,0.92,knee_angle_r,22.424,18.509,deg
S01,walk2,0.94,knee_angle_r,16.897,15.682,deg
S01,walk2,0.96,knee_angle_r,15.756,13.093,deg
S01,walk2,0.98,knee_angle_r,10.776,10.777,deg
S01,walk2,1.00,knee_angle_r,8.640,8.764,deg
S01,walk2,1.02,knee_angle_r,14.779,7.079,deg
S01,walk2,1.04,knee_angle_r,8.051,5.746,deg
S01,walk2,1.06,knee_angle_r,9.579,4.781,deg
S01,walk2,1.08,knee_angle_r,8.077,4.197,deg
S01,walk2,1.10,knee_angle_r,6.679,4.001,deg
S01,walk2,1.12,knee_angle_r,6.655,4.197,deg
S01,walk2,1.14,knee_angle_r,10.594,4.781,deg
S01,walk2,1.16,knee_angle_r,8.667,5.746,deg
S01,walk2,1.18,knee_angle_r,10.318,7.079,deg
S01,walk2,0.00,hip_flexion_r,9.491,9.434,deg
S01,walk2,0.02,hip_flexion_r,15.227,12.284,deg
S01,walk2,0.04,hip_flexion_r,16.799,15.097,deg
S01,walk2,0.06,hip_flexion_r,18.793,17.836,deg
S01,walk2,0.08,hip_flexion_r,19.057,20.465,deg
S01,walk2,0.10,hip_flexion_r,19.497,22.950,deg
S01,walk2,0.12,hip_flexion_r,27.635,25.260,deg
S01,walk2,0.14,hip_flexion_r,29.780,27.363,deg
S01,walk2,0.16,hip_flexion_r,28.881,29.232,deg
S01,walk2,0.18,hip_flexion_r,32.199,30.843,deg
S01,walk2,0.20,hip_flexion_r,34.130,32.175,deg
S01,walk2,0.22,hip_flexion_r,35.290,33.211,deg
S01,walk2,0.24,hip_flexion_r,36.241,33.936,deg
S01,walk2,0.26,hip_flexion_r,33.205,34.343,deg
S01,walk2,0.28,hip_flexion_r,38.213,34.424,deg
S01,walk2,0.30,hip_flexion_r,31.065,34.180,deg
S01,walk2,0.32,hip_flexion_r,35.769,33.613,deg
S01,walk2,0.34,hip_flexion_r,33.967,32.731,deg
S01,walk2,0.36,hip_flexion_r,33.730,31.545,deg
S01,walk2,0.38,hip_flexion_r,34.770,30.071,deg
S01,walk2,0.40,hip_flexion_r,32.040,28.328,deg
S01,walk2,0.42,hip_flexion_r,23.477,26.339,deg
S01,walk2,0.44,hip_flexion_r,19.908,24.129,deg
S01,walk2,0.46,hip_flexion_r,23.771,21.728,deg
S01,walk2,0.48,hip_flexion_r,16.630,19.166,deg
S01,walk2,0.50,hip_flexion_r,16.448,16.478,deg
S01,walk2,0.52,hip_flexion_r,15.798,13.697,deg
S01,walk2,0.54,hip_flexion_r,6.753,10.862,deg
S01,walk2,0.56,hip_flexion_r,2.733,8.007,deg
S01,walk2,0.58,hip_flexion_r,5.821,5.171,deg
S01,walk2,0.60,hip_flexion_r,2.503,2.391,deg
S01,walk2,0.62,hip_flexion_r,-0.911,-0.297,deg
S01,walk2,0.64,hip_flexion_r,-2.761,-2.859,deg
S01,walk2,0.66,hip_flexion_r,-7.410,-5.260,deg
S01,walk2,0.68,hip_flexion_r,-11.253,-7.470,deg
S01,walk2,0.70,hip_flexion_r,-9.875,-9.459,deg
S01,walk2,0.72,hip_flexion_r,-13.631,-11.203,deg
S01,walk2,0.74,hip_flexion_r,-16.784,-12.677,deg
S01,walk2,0.76,hip_flexion_r,-12.597,-13.862,deg
S01,walk2,0.78,hip_flexion_r,-14.897,-14.744,deg
S01,walk2,0.80,hip_flexion_r,-14.294,-15.311,deg
S01,walk2,0.82,hip_flexion_r,-18.028,-15.556,deg
S01,walk2,0.84,hip_flexion_r,-17.118,-15.474,deg
S01,walk2,0.86,hip_flexion_r,-17.564,-15.068,deg
S01,walk2,0.88,hip_flexion_r,-16.557,-14.342,deg
S01,walk2,0.90,hip_flexion_r,-12.817,-13.307,deg
S01,walk2,0.92,hip_flexion_r,-13.931,-11.974,deg
S01,walk2,0.94,hip_flexion_r,-9.472,-10.363,deg
S01,walk2,0.96,hip_flexion_r,-7.643,-8.494,deg
S01,walk2,0.98,hip_flexion_r,-1.327,-6.391,deg
S01,walk2,1.00,hip_flexion_r,-7.562,-4.082,deg
S01,walk2,1.02,hip_flexion_r,0.625,-1.596,deg
S01,walk2,1.04,hip_flexion_r,0.811,1.033,deg
S01,walk2,1.06,hip_flexion_r,3.738,3.772,deg
S01,walk2,1.08,hip_flexion_r,2.961,6.585,deg
S01,walk2,1.10,hip_flexion_r,8.285,9.434,deg
S01,walk2,1.12,hip_flexion_r,14.143,12.284,deg
S01,walk2,1.14,hip_flexion_r,14.892,15.097,deg
S01,walk2,1.16,hip_flexion_r,18.039,17.836,deg
S01,walk2,1.18,hip_flexion_r,19.739,20.465,deg
S02,walk1,0.00,knee_angle_r,8.233,4.989,deg
S02,walk1,0.02,knee_angle_r,4.579,5.185,deg
S02,walk1,0.04,knee_angle_r,1.257,5.769,deg
S02,walk1,0.06,knee_angle_r,10.289,6.734,deg
S02,walk1,0.08,knee_angle_r,17.080,8.067,deg
S02,walk1,0.10,knee_angle_r,14.737,9.752,deg
S02,walk1,0.12,knee_angle_r,12.890,11.765,deg
S02,walk1,0.14,knee_angle_r,15.670,14.081,deg
S02,walk1,0.16,knee_angle_r,24.213,16.670,deg
S02,walk1,0.18,knee_angle_r,23.839,19.497,deg
S02,walk1,0.20,knee_angle_r,26.237,22.527,deg
S02,walk1,0.22,knee_angle_r,28.805,25.719,deg
S02,walk1,0.24,knee_angle_r,32.062,29.032,deg
S02,walk1,0.26,knee_angle_r,37.415,32.422,deg
S02,walk1,0.28,knee_angle_r,39.738,35.846,deg
S02,walk1,0.30,knee_angle_r,41.799,39.259,deg
S02,walk1,0.32,knee_angle_r,41.044,42.616,deg
S02,walk1,0.34,knee_angle_r,48.638,45.873,deg
S02,walk1,0.36,knee_angle_r,47.856,48.989,deg
S02,walk1,0.38,knee_angle_r,55.831,51.923,deg
S02,walk1,0.40,knee_angle_r,51.177,54.635,deg
S02,walk1,0.42,knee_angle_r,56.788,57.091,deg
S02,walk1,0.44,knee_angle_r,59.131,59.260,deg
S02,walk1,0.46,knee_angle_r,56.845,61.112,deg
S02,walk1,0.48,knee_angle_r,67.345,62.623,deg
S02,walk1,0.50,knee_angle_r,67.597,63.774,deg
S02,walk1,0.52,knee_angle_r,62.523,64.550,deg
S02,walk1,0.54,knee_angle_r,66.580,64.940,deg
S02,walk1,0.56,knee_angle_r,65.401,64.940,deg
S02,walk1,0.58,knee_angle_r,56.073,64.550,deg
S02,walk1,0.60,knee_angle_r,63.967,63.774,deg
S02,walk1,0.62,knee_angle_r,61.995,62.623,deg
S02,walk1,0.64,knee_angle_r,61.069,61.112,deg
S02,walk1,0.66,knee_angle_r,55.922,59.260,deg
S02,walk1,0.68,knee_angle_r,56.393,57.091,deg
S02,walk1,0.70,knee_angle_r,54.456,54.635,deg
S02,walk1,0.72,knee_angle_r,56.113,51.923,deg
S02,walk1,0.74,knee_angle_r,50.912,48.989,deg
S02,walk1,0.76,knee_angle_r,47.088,45.873,deg
S02,walk1,0.78,knee_angle_r,48.760,42.616,deg
S02,walk1,0.80,knee_angle_r,39.486,39.259,deg
S02,walk1,0.82,knee_angle_r,36.912,35.846,deg
S02,walk1,0.84,knee_angle_r,29.548,32.422,deg
S02,walk1,0.86,knee_angle_r,36.655,29.032,deg
S02,walk1,0.88,knee_angle_r,31.859,25.719,deg
S02,walk1,0.90,knee_angle_r,28.843,22.527,deg
S02,walk1,0.92,knee_angle_r,25.373,19.497,deg
S02,walk1,0.94,knee_angle_r,21.152,16.670,deg
S02,walk1,0.96,knee_angle_r,19.138,14.081,deg
S02,walk1,0.98,knee_angle_r,15.651,11.765,deg
S02,walk1,1.00,knee_angle_r,13.984,9.752,deg
S02,walk1,1.02,knee_angle_r,13.242,8.067,deg
S02,walk1,1.04,knee_angle_r,16.415,6.734,deg
S02,walk1,1.06,knee_angle_r,12.678,5.769,deg
S02,walk1,1.08,knee_angle_r,10.310,5.185,deg
S02,walk1,1.10,knee_angle_r,8.571,4.989,deg
S02,walk1,1.12,knee_angle_r,8.580,5.185,deg
S02,walk1,1.14,knee_angle_r,15.819,5.769,deg
S02,walk1,1.16,knee_angle_r,13.399,6.734,deg
S02,walk1,1.18,knee_angle_r,13.282,8.067,deg
S02,walk1,0.00,hip_flexion_r,9.189,8.900,deg
S02,walk1,0.02,hip_flexion_r,10.132,11.750,deg
S02,walk1,0.04,hip_flexion_r,15.550,14.562,deg
S02,walk1,0.06,hip_flexion_r,20.640,17.301,deg
S02,walk1,0.08,hip_flexion_r,20.104,19.930,deg
S02,walk1,0.10,hip_flexion_r,23.002,22.416,deg
S02,walk1,0.12,hip_flexion_r,25.327,24.725,deg
S02,walk1,0.14,hip_flexion_r,28.257,26.828,deg
S02,walk1,0.16,hip_flexion_r,25.869,28.697,deg
S02,walk1,0.18,hip_flexion_r,30.875,30.309,deg
S02,walk1,0.20,hip_flexion_r,30.659,31.641,deg
S02,walk1,0.22,hip_flexion_r,36.042,32.676,deg
S02,walk1,0.24,hip_flexion_r,32.630,33.402,deg
S02,walk1,0.26,hip_flexion_r,36.405,33.808,deg
S02,walk1,0.28,hip_flexion_r,38.855,33.890,deg
S02,walk1,0.30,hip_flexion_r,34.016,33.645,deg
S02,walk1,0.32,hip_flexion_r,32.729,33.078,deg
S02,walk1,0.34,hip_flexion_r,33.830,32.196,deg
S02,walk1,0.36,hip_flexion_r,32.160,31.011,deg
S02,walk1,0.38,hip_flexion_r,28.207,29.537,deg
S02,walk1,0.40,hip_flexion_r,30.100,27.794,deg
S02,walk1,0.42,hip_flexion_r,31.998,25.804,deg
S02,walk1,0.44,hip_flexion_r,24.104,23.594,deg
S02,walk1,0.46,hip_flexion_r,21.840,21.193,deg
S02,walk1,0.48,hip_flexion_r,17.174,18.632,deg
S02,walk1,0.50,hip_flexion_r,17.895,15.943,deg
S02,walk1,0.52,hip_flexion_r,11.200,13.163,deg
S02,walk1,0.54,hip_flexion_r,8.714,10.327,deg
S02,walk1,0.56,hip_flexion_r,11.826,7.473,deg
S02,walk1,0.58,hip_flexion_r,3.528,4.637,deg
S02,walk1,0.60,hip_flexion_r,5.714,1.856,deg
S02,walk1,0.62,hip_flexion_r,4.134,-0.832,deg
S02,walk1,0.64,hip_flexion_r,-1.591,-3.394,deg
S02,walk1,0.66,hip_flexion_r,-3.257,-5.795,deg
S02,walk1,0.68,hip_flexion_r,-1.969,-8.005,deg
S02,walk1,0.70,hip_flexion_r,-9.331,-9.994,deg
S02,walk1,0.72,hip_flexion_r,-12.065,-11.737,deg
S02,walk1,0.74,hip_flexion_r,-15.440,-13.211,deg
S02,walk1,0.76,hip_flexion_r,-13.138,-14.397,deg
S02,walk1,0.78,hip_flexion_r,-10.426,-15.279,deg
S02,walk1,0.80,hip_flexion_r,-12.292,-15.846,deg
S02,walk1,0.82,hip_flexion_r,-17.291,-16.090,deg
S02,walk1,0.84,hip_flexion_r,-16.992,-16.009,deg
S02,walk1,0.86,hip_flexion_r,-15.708,-15.602,deg
S02,walk1,0.88,hip_flexion_r,-12.991,-14.877,deg
S02,walk1,0.90,hip_flexion_r,-13.200,-13.841,deg
S02,walk1,0.92,hip_flexion_r,-10.818,-12.509,deg
S02,walk1,0.94,hip_flexion_r,-9.001,-10.898,deg
S02,walk1,0.96,hip_flexion_r,-8.621,-9.029,deg
S02,walk1,0.98,hip_flexion_r,-5.871,-6.926,deg
S02,walk1,1.00,hip_flexion_r,-2.945,-4.616,deg
S02,walk1,1.02,hip_flexion_r,-1.186,-2.131,deg
S02,walk1,1.04,hip_flexion_r,2.912,0.499,deg
S02,walk1,1.06,hip_flexion_r,9.069,3.237,deg
S02,walk1,1.08,hip_flexion_r,8.685,6.050,deg
S02,walk1,1.10,hip_flexion_r,10.194,8.900,deg
S02,walk1,1.12,hip_flexion_r,8.689,11.750,deg
S02,walk1,1.14,hip_flexion_r,16.687,14.562,deg
S02,walk1,1.16,hip_flexion_r,13.589,17.301,deg
S02,walk1,1.18,hip_flexion_r,17.562,19.930,deg
S02,walk2,0.00,knee_angle_r,9.859,5.427,deg
S02,walk2,0.02,knee_angle_r,5.355,5.623,deg
S02,walk2,0.04,knee_angle_r,9.897,6.207,deg
S02,walk2,0.06,knee_angle_r,9.843,7.172,deg
S02,walk2,0.08,knee_angle_r,14.990,8.505,deg
S02,walk2,0.10,knee_angle_r,21.368,10.190,deg
S02,walk2,0.12,knee_angle_r,17.058,12.203,deg
S02,walk2,0.14,knee_angle_r,16.154,14.519,deg
S02,walk2,0.16,knee_angle_r,17.310,17.108,deg
S02,walk2,0.18,knee_angle_r,23.198,19.935,deg
S02,walk2,0.20,knee_angle_r,25.563,22.965,deg
S02,walk2,0.22,knee_angle_r,25.511,26.157,deg
S02,walk2,0.24,knee_angle_r,32.296,29.470,deg
S02,walk2,0.26,knee_angle_r,31.546,32.860,deg
S02,walk2,0.28,knee_angle_r,41.416,36.284,deg
S02,walk2,0.30,knee_angle_r,44.340,39.697,deg
S02,walk2,0.32,knee_angle_r,47.427,43.054,deg
S02,walk2,0.34,knee_angle_r,45.683,46.312,deg
S02,walk2,0.36,knee_angle_r,51.453,49.427,deg
S02,walk2,0.38,knee_angle_r,52.153,52.361,deg
S02,walk2,0.40,knee_angle_r,53.824,55.073,deg
S02,walk2,0.42,knee_angle_r,56.184,57.530,deg
S02,walk2,0.44,knee_angle_r,55.253,59.698,deg
S02,walk2,0.46,knee_angle_r,56.488,61.550,deg
S02,walk2,0.48,knee_angle_r,64.562,63.061,deg
S02,walk2,0.50,knee_angle_r,62.642,64.212,deg
S02,walk2,0.52,knee_angle_r,64.563,64.988,deg
S02,walk2,0.54,knee_angle_r,67.270,65.378,deg
S02,walk2,0.56,knee_angle_r,59.066,65.378,deg
S02,walk2,0.58,knee_angle_r,61.561,64.988,deg
S02,walk2,0.60,knee_angle_r,63.741,64.212,deg
S02,walk2,0.62,knee_angle_r,63.356,63.061,deg
S02,walk2,0.64,knee_angle_r,59.688,61.550,deg
S02,walk2,0.66,knee_angle_r,62.240,59.698,deg
S02,walk2,0.68,knee_angle_r,57.832,57.530,deg
S02,walk2,0.70,knee_angle_r,51.350,55.073,deg
S02,walk2,0.72,knee_angle_r,49.757,52.361,deg
S02,walk2,0.74,knee_angle_r,52.326,49.427,deg
S02,walk2,0.76,knee_angle_r,48.496,46.312,deg
S02,walk2,0.78,knee_angle_r,38.476,43.054,deg
S02,walk2,0.80,knee_angle_r,45.195,39.697,deg
S02,walk2,0.82,knee_angle_r,39.874,36.284,deg
S02,walk2,0.84,knee_angle_r,39.029,32.860,deg
S02,walk2,0.86,knee_angle_r,30.796,29.470,deg
S02,walk2,0.88,knee_angle_r,28.079,26.157,deg
S02,walk2,0.90,knee_angle_r,22.714,22.965,deg
S02,walk2,0.92,knee_angle_r,30.977,19.935,deg
S02,walk2,0.94,knee_angle_r,20.295,17.108,deg
S02,walk2,0.96,knee_angle_r,23.254,14.519,deg
S02,walk2,0.98,knee_angle_r,14.465,12.203,deg
S02,walk2,1.00,knee_angle_r,15.087,10.190,deg
S02,walk2,1.02,knee_angle_r,8.065,8.505,deg
S02,walk2,1.04,knee_angle_r,10.731,7.172,deg
S02,walk2,1.06,knee_angle_r,13.962,6.207,deg
S02,walk2,1.08,knee_angle_r,6.730,5.623,deg
S02,walk2,1.10,knee_angle_r,13.526,5.427,deg
S02,walk2,1.12,knee_angle_r,11.497,5.623,deg
S02,walk2,1.14,knee_angle_r,7.879,6.207,deg
S02,walk2,1.16,knee_angle_r,10.375,7.172,deg
S02,walk2,1.18,knee_angle_r,11.702,8.505,deg
S02,walk2,0.00,hip_flexion_r,11.384,10.353,deg
S02,walk2,0.02,hip_flexion_r,13.017,13.203,deg
S02,walk2,0.04,hip_flexion_r,15.102,16.016,deg
S02,walk2,0.06,hip_flexion_r,19.147,18.754,deg
S02,walk2,0.08,hip_flexion_r,19.971,21.384,deg
S02,walk2,0.10,hip_flexion_r,21.800,23.869,deg
S02,walk2,0.12,hip_flexion_r,27.213,26.178,deg
S02,walk2,0.14,hip_flexion_r,31.643,28.281,deg
S02,walk2,0.16,hip_flexion_r,27.482,30.151,deg
S02,walk2,0.18,hip_flexion_r,32.925,31.762,deg
S02,walk2,0.20,hip_flexion_r,32.624,33.094,deg
S02,walk2,0.22,hip_flexion_r,32.841,34.130,deg
S02,walk2,0.24,hip_flexion_r,38.143,34.855,deg
S02,walk2,0.26,hip_flexion_r,35.121,35.261,deg
S02,walk2,0.28,hip_flexion_r,40.243,35.343,deg
S02,walk2,0.30,hip_flexion_r,34.304,35.099,deg
S02,walk2,0.32,hip_flexion_r,36.653,34.532,deg
S02,walk2,0.34,hip_flexion_r,34.236,33.650,deg
S02,walk2,0.36,hip_flexion_r,31.733,32.464,deg
S02,walk2,0.38,hip_flexion_r,33.614,30.990,deg
S02,walk2,0.40,hip_flexion_r,30.014,29.247,deg
S02,walk2,0.42,hip_flexion_r,29.920,27.257,deg
S02,walk2,0.44,hip_flexion_r,26.084,25.048,deg
S02,walk2,0.46,hip_flexion_r,21.086,22.646,deg
S02,walk2,0.48,hip_flexion_r,20.984,20.085,deg
S02,walk2,0.50,hip_flexion_r,18.681,17.396,deg
S02,walk2,0.52,hip_flexion_r,18.167,14.616,deg
S02,walk2,0.54,hip_flexion_r,10.669,11.780,deg
S02,walk2,0.56,hip_flexion_r,9.982,8.926,deg
S02,walk2,0.58,hip_flexion_r,2.940,6.090,deg
S02,walk2,0.60,hip_flexion_r,6.093,3.310,deg
S02,walk2,0.62,hip_flexion_r,-0.928,0.621,deg
S02,walk2,0.64,hip_flexion_r,-5.302,-1.940,deg
S02,walk2,0.66,hip_flexion_r,-3.335,-4.342,deg
S02,walk2,0.68,hip_flexion_r,-2.632,-6.551,deg
S02,walk2,0.70,hip_flexion_r,-11.197,-8.541,deg
S02,walk2,0.72,hip_flexion_r,-11.849,-10.284,deg
S02,walk2,0.74,hip_flexion_r,-12.461,-11.758,deg
S02,walk2,0.76,hip_flexion_r,-14.613,-12.943,deg
S02,walk2,0.78,hip_flexion_r,-11.722,-13.826,deg
S02,walk2,0.80,hip_flexion_r,-15.256,-14.392,deg
S02,walk2,0.82,hip_flexion_r,-15.286,-14.637,deg
S02,walk2,0.84,hip_flexion_r,-11.942,-14.555,deg
S02,walk2,0.86,hip_flexion_r,-14.883,-14.149,deg
S02,walk2,0.88,hip_flexion_r,-11.187,-13.423,deg
S02,walk2,0.90,hip_flexion_r,-13.662,-12.388,deg
S02,walk2,0.92,hip_flexion_r,-12.931,-11.056,deg
S02,walk2,0.94,hip_flexion_r,-12.878,-9.444,deg
S02,walk2,0.96,hip_flexion_r,-1.768,-7.575,deg
S02,walk2,0.98,hip_flexion_r,-5.118,-5.472,deg
S02,walk2,1.00,hip_flexion_r,-1.398,-3.163,deg
S02,walk2,1.02,hip_flexion_r,0.400,-0.677,deg
S02,walk2,1.04,hip_flexion_r,3.506,1.952,deg
S02,walk2,1.06,hip_flexion_r,5.969,4.691,deg
S02,walk2,1.08,hip_flexion_r,13.428,7.503,deg
S02,walk2,1.10,hip_flexion_r,8.910,10.353,deg
S02,walk2,1.12,hip_flexion_r,10.464,13.203,deg
S02,walk2,1.14,hip_flexion_r,14.640,16.016,deg
S02,walk2,1.16,hip_flexion_r,16.572,18.754,deg
S02,walk2,1.18,hip_flexion_r,24.406,21.384,deg
S03,walk1,0.00,knee_angle_r,8.576,4.519,deg
S03,walk1,0.02,knee_angle_r,13.990,4.715,deg
S03,walk1,0.04,knee_angle_r,1.884,5.299,deg
S03,walk1,0.06,knee_angle_r,12.791,6.264,deg
S03,walk1,0.08,knee_angle_r,9.184,7.597,deg
S03,walk1,0.10,knee_angle_r,17.048,9.282,deg
S03,walk1,0.12,knee_angle_r,12.505,11.295,deg
S03,walk1,0.14,knee_angle_r,16.967,13.611,deg
S03,walk1,0.16,knee_angle_r,15.634,16.200,deg
S03,walk1,0.18,knee_angle_r,19.766,19.027,deg
S03,walk1,0.20,knee_angle_r,29.582,22.057,deg
S03,walk1,0.22,knee_angle_r,30.759,25.249,deg
S03,walk1,0.24,knee_angle_r,30.074,28.562,deg
S03,walk1,0.26,knee_angle_r,31.720,31.952,deg
S03,walk1,0.28,knee_angle_r,31.730,35.376,deg
S03,walk1,0.30,knee_angle_r,39.302,38.789,deg
S03,walk1,0.32,knee_angle_r,43.412,42.146,deg
S03,walk1,0.34,knee_angle_r,46.184,45.404,deg
S03,walk1,0.36,knee_angle_r,48.959,48.519,deg
S03,walk1,0.38,knee_angle_r,48.515,51.453,deg
S03,walk1,0.40,knee_angle_r,54.123,54.165,deg
S03,walk1,0.42,knee_angle_r,56.417,56.622,deg
S03,walk1,0.44,knee_angle_r,62.356,58.790,deg
S03,walk1,0.46,knee_angle_r,65.751,60.642,deg
S03,walk1,0.48,knee_angle_r,61.100,62.153,deg
S03,walk1,0.50,knee_angle_r,60.248,63.304,deg
S03,walk1,0.52,knee_angle_r,63.050,64.080,deg
S03,walk1,0.54,knee_angle_r,61.774,64.470,deg
S03,walk1,0.56,knee_angle_r,61.369,64.470,deg
S03,walk1,0.58,knee_angle_r,63.069,64.080,deg
S03,walk1,0.60,knee_angle_r,59.417,63.304,deg
S03,walk1,0.62,knee_angle_r,63.329,62.153,deg
S03,walk1,0.64,knee_angle_r,59.839,60.642,deg
S03,walk1,0.66,knee_angle_r,59.234,58.790,deg
S03,walk1,0.68,knee_angle_r,55.984,56.622,deg
S03,walk1,0.70,knee_angle_r,52.140,54.165,deg
S03,walk1,0.72,knee_angle_r,49.037,51.453,deg
S03,walk1,0.74,knee_angle_r,48.529,48.519,deg
S03,walk1,0.76,knee_angle_r,44.790,45.404,deg
S03,walk1,0.78,knee_angle_r,44.206,42.146,deg
S03,walk1,0.80,knee_angle_r,40.470,38.789,deg
S03,walk1,0.82,knee_angle_r,33.325,35.376,deg
S03,walk1,0.84,knee_angle_r,34.532,31.952,deg
S03,walk1,0.86,knee_angle_r,27.250,28.562,deg
S03,walk1,0.88,knee_angle_r,26.448,25.249,deg
S03,walk1,0.90,knee_angle_r,24.541,22.057,deg
S03,walk1,0.92,knee_angle_r,16.472,19.027,deg
S03,walk1,0.94,knee_angle_r,20.428,16.200,deg
S03,walk1,0.96,knee_angle_r,18.276,13.611,deg
S03,walk1,0.98,knee_angle_r,15.265,11.295,deg
S03,walk1,1.00,knee_angle_r,12.654,9.282,deg
S03,walk1,1.02,knee_angle_r,11.290,7.597,deg
S03,walk1,1.04,knee_angle_r,8.281,6.264,deg
S03,walk1,1.06,knee_angle_r,9.533,5.299,deg
S03,walk1,1.08,knee_angle_r,8.159,4.715,deg
S03,walk1,1.10,knee_angle_r,9.916,4.519,deg
S03,walk1,1.12,knee_angle_r,6.204,4.715,deg
S03,walk1,1.14,knee_angle_r,11.049,5.299,deg
S03,walk1,1.16,knee_angle_r,11.641,6.264,deg
S03,walk1,1.18,knee_angle_r,11.986,7.597,deg
S03,walk1,0.00,hip_flexion_r,9.027,9.305,deg
S03,walk1,0.02,hip_flexion_r,14.356,12.155,deg
S03,walk1,0.04,hip_flexion_r,11.626,14.967,deg
S03,walk1,0.06,hip_flexion_r,19.678,17.706,deg
S03,walk1,0.08,hip_flexion_r,21.763,20.335,deg
S03,walk1,0.10,hip_flexion_r,24.350,22.821,deg
S03,walk1,0.12,hip_flexion_r,26.909,25.130,deg
S03,walk1,0.14,hip_flexion_r,26.419,27.233,deg
S03,walk1,0.16,hip_flexion_r,29.274,29.102,deg
S03,walk1,0.18,hip_flexion_r,33.127,30.714,deg
S03,walk1,0.20,hip_flexion_r,33.943,32.046,deg
S03,walk1,0.22,hip_flexion_r,34.418,33.081,deg
S03,walk1,0.24,hip_flexion_r,30.841,33.807,deg
S03,walk1,0.26,hip_flexion_r,36.378,34.213,deg
S03,walk1,0.28,hip_flexion_r,38.039,34.295,deg
S03,walk1,0.30,hip_flexion_r,37.395,34.050,deg
S03,walk1,0.32,hip_flexion_r,34.889,33.483,deg
S03,walk1,0.34,hip_flexion_r,29.528,32.601,deg
S03,walk1,0.36,hip_flexion_r,34.592,31.416,deg
S03,walk1,0.38,hip_flexion_r,30.394,29.942,deg
S03,walk1,0.40,hip_flexion_r,22.688,28.199,deg
S03,walk1,0.42,hip_flexion_r,27.973,26.209,deg
S03,walk1,0.44,hip_flexion_r,21.089,23.999,deg
S03,walk1,0.46,hip_flexion_r,19.177,21.598,deg
S03,walk1,0.48,hip_flexion_r,18.270,19.037,deg
S03,walk1,0.50,hip_flexion_r,20.350,16.348,deg
S03,walk1,0.52,hip_flexion_r,13.461,13.568,deg
S03,walk1,0.54,hip_flexion_r,12.230,10.732,deg
S03,walk1,0.56,hip_flexion_r,13.068,7.878,deg
S03,walk1,0.58,hip_flexion_r,9.847,5.042,deg
S03,walk1,0.60,hip_flexion_r,2.823,2.261,deg
S03,walk1,0.62,hip_flexion_r,-0.210,-0.427,deg
S03,walk1,0.64,hip_flexion_r,-5.320,-2.989,deg
S03,walk1,0.66,hip_flexion_r,-6.306,-5.390,deg
S03,walk1,0.68,hip_flexion_r,-5.716,-7.600,deg
S03,walk1,0.70,hip_flexion_r,-7.779,-9.589,deg
S03,walk1,0.72,hip_flexion_r,-10.236,-11.332,deg
S03,walk1,0.74,hip_flexion_r,-9.499,-12.806,deg
S03,walk1,0.76,hip_flexion_r,-15.102,-13.992,deg
S03,walk1,0.78,hip_flexion_r,-14.194,-14.874,deg
S03,walk1,0.80,hip_flexion_r,-12.792,-15.441,deg
S03,walk1,0.82,hip_flexion_r,-13.404,-15.685,deg
S03,walk1,0.84,hip_flexion_r,-12.106,-15.604,deg
S03,walk1,0.86,hip_flexion_r,-13.384,-15.197,deg
S03,walk1,0.88,hip_flexion_r,-14.425,-14.472,deg
S03,walk1,0.90,hip_flexion_r,-11.710,-13.436,deg
S03,walk1,0.92,hip_flexion_r,-13.790,-12.104,deg
S03,walk1,0.94,hip_flexion_r,-13.771,-10.493,deg
S03,walk1,0.96,hip_flexion_r,-6.351,-8.624,deg
S03,walk1,0.98,hip_flexion_r,-5.838,-6.521,deg
S03,walk1,1.00,hip_flexion_r,-2.620,-4.211,deg
S03,walk1,1.02,hip_flexion_r,-5.150,-1.726,deg
S03,walk1,1.04,hip_flexion_r,0.811,0.904,deg
S03,walk1,1.06,hip_flexion_r,2.963,3.642,deg
S03,walk1,1.08,hip_flexion_r,5.115,6.455,deg
S03,walk1,1.10,hip_flexion_r,4.488,9.305,deg
S03,walk1,1.12,hip_flexion_r,12.138,12.155,deg
S03,walk1,1.14,hip_flexion_r,18.031,14.967,deg
S03,walk1,1.16,hip_flexion_r,19.479,17.706,deg
S03,walk1,1.18,hip_flexion_r,19.653,20.335,deg
S03,walk2,0.00,knee_angle_r,1.360,4.993,deg
S03,walk2,0.02,knee_angle_r,9.443,5.188,deg
S03,walk2,0.04,knee_angle_r,11.972,5.772,deg
S03,walk2,0.06,knee_angle_r,13.257,6.737,deg
S03,walk2,0.08,knee_angle_r,17.513,8.071,deg
S03,walk2,0.10,knee_angle_r,17.332,9.755,deg
S03,walk2,0.12,knee_angle_r,16.677,11.768,deg
S03,walk2,0.14,knee_angle_r,18.729,14.084,deg
S03,walk2,0.16,knee_angle_r,22.514,16.673,deg
S03,walk2,0.18,knee_angle_r,21.080,19.501,deg
S03,walk2,0.20,knee_angle_r,25.304,22.530,deg
S03,walk2,0.22,knee_angle_r,31.016,25.722,deg
S03,walk2,0.24,knee_angle_r,37.151,29.035,deg
S03,walk2,0.26,knee_angle_r,33.852,32.425,deg
S03,walk2,0.28,knee_angle_r,37.267,35.849,deg
S03,walk2,0.30,knee_angle_r,41.079,39.262,deg
S03,walk2,0.32,knee_angle_r,47.534,42.619,deg
S03,walk2,0.34,knee_angle_r,46.346,45.877,deg
S03,walk2,0.36,knee_angle_r,53.649,48.993,deg
S03,walk2,0.38,knee_angle_r,48.981,51.926,deg
S03,walk2,0.40,knee_angle_r,53.764,54.638,deg
S03,walk2,0.42,knee_angle_r,55.938,57.095,deg
S03,walk2,0.44,knee_angle_r,60.844,59.263,deg
S03,walk2,0.46,knee_angle_r,63.287,61.115,deg
S03,walk2,0.48,knee_angle_r,56.983,62.626,deg
S03,walk2,0.50,knee_angle_r,59.802,63.777,deg
S03,walk2,0.52,knee_angle_r,64.256,64.553,deg
S03,walk2,0.54,knee_angle_r,61.621,64.944,deg
S03,walk2,0.56,knee_angle_r,59.029,64.944,deg
S03,walk2,0.58,knee_angle_r,66.361,64.553,deg
S03,walk2,0.60,knee_angle_r,64.029,63.777,deg
S03,walk2,0.62,knee_angle_r,62.991,62.626,deg
S03,walk2,0.64,knee_angle_r,58.725,61.115,deg
S03,walk2,0.66,knee_angle_r,61.571,59.263,deg
S03,walk2,0.68,knee_angle_r,55.813,57.095,deg
S03,walk2,0.70,knee_angle_r,57.611,54.638,deg
S03,walk2,0.72,knee_angle_r,49.146,51.926,deg
S03,walk2,0.74,knee_angle_r,46.678,48.993,deg
S03,walk2,0.76,knee_angle_r,47.051,45.877,deg
S03,walk2,0.78,knee_angle_r,41.398,42.619,deg
S03,walk2,0.80,knee_angle_r,42.510,39.262,deg
S03,walk2,0.82,knee_angle_r,38.192,35.849,deg
S03,walk2,0.84,knee_angle_r,31.561,32.425,deg
S03,walk2,0.86,knee_angle_r,31.497,29.035,deg
S03,walk2,0.88,knee_angle_r,27.243,25.722,deg
S03,walk2,0.90,knee_angle_r,28.172,22.530,deg
S03,walk2,0.92,knee_angle_r,20.800,19.501,deg
S03,walk2,0.94,knee_angle_r,18.836,16.673,deg
S03,walk2,0.96,knee_angle_r,21.457,14.084,deg
S03,walk2,0.98,knee_angle_r,22.455,11.768,deg
S03,walk2,1.00,knee_angle_r,19.924,9.755,deg
S03,walk2,1.02,knee_angle_r,12.601,8.071,deg
S03,walk2,1.04,knee_angle_r,11.868,6.737,deg
S03,walk2,1.06,knee_angle_r,14.943,5.772,deg
S03,walk2,1.08,knee_angle_r,9.443,5.188,deg
S03,walk2,1.10,knee_angle_r,6.712,4.993,deg
S03,walk2,1.12,knee_angle_r,10.167,5.188,deg
S03,walk2,1.14,knee_angle_r,11.697,5.772,deg
S03,walk2,1.16,knee_angle_r,8.724,6.737,deg
S03,walk2,1.18,knee_angle_r,7.472,8.071,deg
S03,walk2,0.00,hip_flexion_r,7.607,10.378,deg
S03,walk2,0.02,hip_flexion_r,15.712,13.228,deg
S03,walk2,0.04,hip_flexion_r,14.965,16.041,deg
S03,walk2,0.06,hip_flexion_r,19.247,18.780,deg
S03,walk2,0.08,hip_flexion_r,22.761,21.409,deg
S03,walk2,0.10,hip_flexion_r,26.263,23.894,deg
S03,walk2,0.12,hip_flexion_r,26.187,26.204,deg
S03,walk2,0.14,hip_flexion_r,30.374,28.307,deg
S03,walk2,0.16,hip_flexion_r,28.771,30.176,deg
S03,walk2,0.18,hip_flexion_r,31.703,31.787,deg
S03,walk2,0.20,hip_flexion_r,31.379,33.119,deg
S03,walk2,0.22,hip_flexion_r,37.805,34.155,deg
S03,walk2,0.24,hip_flexion_r,35.633,34.880,deg
S03,walk2,0.26,hip_flexion_r,34.259,35.287,deg
S03,walk2,0.28,hip_flexion_r,35.308,35.368,deg
S03,walk2,0.30,hip_flexion_r,35.390,35.124,deg
S03,walk2,0.32,hip_flexion_r,37.129,34.557,deg
S03,walk2,0.34,hip_flexion_r,30.506,33.675,deg
S03,walk2,0.36,hip_flexion_r,30.717,32.489,deg
S03,walk2,0.38,hip_flexion_r,30.890,31.015,deg
S03,walk2,0.40,hip_flexion_r,36.423,29.272,deg
S03,walk2,0.42,hip_flexion_r,30.492,27.283,deg
S03,walk2,0.44,hip_flexion_r,25.615,25.073,deg
S03,walk2,0.46,hip_flexion_r,25.272,22.672,deg
S03,walk2,0.48,hip_flexion_r,26.074,20.110,deg
S03,walk2,0.50,hip_flexion_r,17.658,17.422,deg
S03,walk2,0.52,hip_flexion_r,14.546,14.641,deg
S03,walk2,0.54,hip_flexion_r,15.656,11.806,deg
S03,walk2,0.56,hip_flexion_r,11.007,8.951,deg
S03,walk2,0.58,hip_flexion_r,8.614,6.115,deg
S03,walk2,0.60,hip_flexion_r,2.885,3.335,deg
S03,walk2,0.62,hip_flexion_r,6.278,0.647,deg
S03,walk2,0.64,hip_flexion_r,3.179,-1.915,deg
S03,walk2,0.66,hip_flexion_r,-2.081,-4.316,deg
S03,walk2,0.68,hip_flexion_r,-3.995,-6.526,deg
S03,walk2,0.70,hip_flexion_r,-12.763,-8.515,deg
S03,walk2,0.72,hip_flexion_r,-7.844,-10.258,deg
S03,walk2,0.74,hip_flexion_r,-11.397,-11.732,deg
S03,walk2,0.76,hip_flexion_r,-11.013,-12.918,deg
S03,walk2,0.78,hip_flexion_r,-11.274,-13.800,deg
S03,walk2,0.80,hip_flexion_r,-14.400,-14.367,deg
S03,walk2,0.82,hip_flexion_r,-18.017,-14.611,deg
S03,walk2,0.84,hip_flexion_r,-12.790,-14.530,deg
S03,walk2,0.86,hip_flexion_r,-15.157,-14.124,deg
S03,walk2,0.88,hip_flexion_r,-13.403,-13.398,deg
S03,walk2,0.90,hip_flexion_r,-13.053,-12.362,deg
S03,walk2,0.92,hip_flexion_r,-11.064,-11.030,deg
S03,walk2,0.94,hip_flexion_r,-14.373,-9.419,deg
S03,walk2,0.96,hip_flexion_r,-3.687,-7.550,deg
S03,walk2,0.98,hip_flexion_r,-3.993,-5.447,deg
S03,walk2,1.00,hip_flexion_r,0.461,-3.138,deg
S03,walk2,1.02,hip_flexion_r,5.118,-0.652,deg
S03,walk2,1.04,hip_flexion_r,2.854,1.977,deg
S03,walk2,1.06,hip_flexion_r,1.030,4.716,deg
S03,walk2,1.08,hip_flexion_r,6.114,7.529,deg
S03,walk2,1.10,hip_flexion_r,8.182,10.378,deg
S03,walk2,1.12,hip_flexion_r,12.794,13.228,deg
S03,walk2,1.14,hip_flexion_r,17.060,16.041,deg
S03,walk2,1.16,hip_flexion_r,14.595,18.780,deg
S03,walk2,1.18,hip_flexion_r,23.085,21.409,deg
S04,walk1,0.00,knee_angle_r,4.038,5.149,deg
S04,walk1,0.02,knee_angle_r,4.936,5.344,deg
S04,walk1,0.04,knee_angle_r,4.062,5.928,deg
S04,walk1,0.06,knee_angle_r,4.712,6.893,deg
S04,walk1,0.08,knee_angle_r,2.701,8.227,deg
S04,walk1,0.10,knee_angle_r,9.177,9.911,deg
S04,walk1,0.12,knee_angle_r,16.614,11.924,deg
S04,walk1,0.14,knee_angle_r,19.103,14.241,deg
S04,walk1,0.16,knee_angle_r,19.457,16.829,deg
S04,walk1,0.18,knee_angle_r,20.154,19.657,deg
S04,walk1,0.20,knee_angle_r,18.734,22.686,deg
S04,walk1,0.22,knee_angle_r,27.964,25.878,deg
S04,walk1,0.24,knee_angle_r,26.449,29.191,deg
S04,walk1,0.26,knee_angle_r,29.462,32.581,deg
S04,walk1,0.28,knee_angle_r,31.877,36.005,deg
S04,walk1,0.30,knee_angle_r,36.098,39.418,deg
S04,walk1,0.32,knee_angle_r,37.538,42.775,deg
S04,walk1,0.34,knee_angle_r,41.524,46.033,deg
S04,walk1,0.36,knee_angle_r,41.326,49.149,deg
S04,walk1,0.38,knee_angle_r,46.098,52.082,deg
S04,walk1,0.40,knee_angle_r,56.502,54.795,deg
S04,walk1,0.42,knee_angle_r,51.663,57.251,deg
S04,walk1,0.44,knee_angle_r,53.107,59.419,deg
S04,walk1,0.46,knee_angle_r,57.087,61.271,deg
S04,walk1,0.48,knee_angle_r,58.974,62.782,deg
S04,walk1,0.50,knee_angle_r,54.544,63.933,deg
S04,walk1,0.52,knee_angle_r,57.962,64.709,deg
S04,walk1,0.54,knee_angle_r,61.690,65.100,deg
S04,walk1,0.56,knee_angle_r,59.745,65.100,deg
S04,walk1,0.58,knee_angle_r,58.950,64.709,deg
S04,walk1,0.60,knee_angle_r,62.548,63.933,deg
S04,walk1,0.62,knee_angle_r,54.816,62.782,deg
S04,walk1,0.64,knee_angle_r,55.738,61.271,deg
S04,walk1,0.66,knee_angle_r,52.263,59.419,deg
S04,walk1,0.68,knee_angle_r,56.342,57.251,deg
S04,walk1,0.70,knee_angle_r,43.805,54.795,deg
S04,walk1,0.72,knee_angle_r,45.209,52.082,deg
S04,walk1,0.74,knee_angle_r,42.992,49.149,deg
S04,walk1,0.76,knee_angle_r,43.766,46.033,deg
S04,walk1,0.78,knee_angle_r,40.662,42.775,deg
S04,walk1,0.80,knee_angle_r,40.007,39.418,deg
S04,walk1,0.82,knee_angle_r,28.028,36.005,deg
S04,walk1,0.84,knee_angle_r,31.920,32.581,deg
S04,walk1,0.86,knee_angle_r,25.738,29.191,deg
S04,walk1,0.88,knee_angle_r,21.639,25.878,deg
S04,walk1,0.90,knee_angle_r,22.382,22.686,deg
S04,walk1,0.92,knee_angle_r,15.276,19.657,deg
S04,walk1,0.94,knee_angle_r,9.261,16.829,deg
S04,walk1,0.96,knee_angle_r,12.051,14.241,deg
S04,walk1,0.98,knee_angle_r,6.584,11.924,deg
S04,walk1,1.00,knee_angle_r,7.319,9.911,deg
S04,walk1,1.02,knee_angle_r,8.864,8.227,deg
S04,walk1,1.04,knee_angle_r,7.485,6.893,deg
S04,walk1,1.06,knee_angle_r,10.442,5.928,deg
S04,walk1,1.08,knee_angle_r,4.556,5.344,deg
S04,walk1,1.10,knee_angle_r,0.379,5.149,deg
S04,walk1,1.12,knee_angle_r,2.887,5.344,deg
S04,walk1,1.14,knee_angle_r,2.923,5.928,deg
S04,walk1,1.16,knee_angle_r,2.896,6.893,deg
S04,walk1,1.18,knee_angle_r,9.056,8.227,deg
S04,walk1,0.00,hip_flexion_r,6.822,9.945,deg
S04,walk1,0.02,hip_flexion_r,6.341,12.795,deg
S04,walk1,0.04,hip_flexion_r,15.840,15.608,deg
S04,walk1,0.06,hip_flexion_r,16.558,18.346,deg
S04,walk1,0.08,hip_flexion_r,20.358,20.976,deg
S04,walk1,0.10,hip_flexion_r,22.215,23.461,deg
S04,walk1,0.12,hip_flexion_r,25.839,25.771,deg
S04,walk1,0.14,hip_flexion_r,26.458,27.874,deg
S04,walk1,0.16,hip_flexion_r,31.323,29.743,deg
S04,walk1,0.18,hip_flexion_r,30.906,31.354,deg
S04,walk1,0.20,hip_flexion_r,32.156,32.686,deg
S04,walk1,0.22,hip_flexion_r,33.236,33.722,deg
S04,walk1,0.24,hip_flexion_r,29.295,34.447,deg
S04,walk1,0.26,hip_flexion_r,32.932,34.854,deg
S04,walk1,0.28,hip_flexion_r,32.776,34.935,deg
S04,walk1,0.30,hip_flexion_r,33.699,34.691,deg
S04,walk1,0.32,hip_flexion_r,29.217,34.124,deg
S04,walk1,0.34,hip_flexion_r,35.817,33.242,deg
S04,walk1,0.36,hip_flexion_r,30.807,32.056,deg
S04,walk1,0.38,hip_flexion_r,26.043,30.582,deg
S04,walk1,0.40,hip_flexion_r,23.056,28.839,deg
S04,walk1,0.42,hip_flexion_r,24.636,26.850,deg
S04,walk1,0.44,hip_flexion_r,22.905,24.640,deg
S04,walk1,0.46,hip_flexion_r,18.932,22.239,deg
S04,walk1,0.48,hip_flexion_r,18.397,19.677,deg
S04,walk1,0.50,hip_flexion_r,13.875,16.989,deg
S04,walk1,0.52,hip_flexion_r,14.077,14.208,deg
S04,walk1,0.54,hip_flexion_r,8.051,11.372,deg
S04,walk1,0.56,hip_flexion_r,6.911,8.518,deg
S04,walk1,0.58,hip_flexion_r,6.619,5.682,deg
S04,walk1,0.60,hip_flexion_r,7.821,2.902,deg
S04,walk1,0.62,hip_flexion_r,-3.816,0.214,deg
S04,walk1,0.64,hip_flexion_r,-5.020,-2.348,deg
S04,walk1,0.66,hip_flexion_r,-8.359,-4.749,deg
S04,walk1,0.68,hip_flexion_r,-6.509,-6.959,deg
S04,walk1,0.70,hip_flexion_r,-13.329,-8.948,deg
S04,walk1,0.72,hip_flexion_r,-13.413,-10.692,deg
S04,walk1,0.74,hip_flexion_r,-13.750,-12.166,deg
S04,walk1,0.76,hip_flexion_r,-17.308,-13.351,deg
S04,walk1,0.78,hip_flexion_r,-18.137,-14.233,deg
S04,walk1,0.80,hip_flexion_r,-17.500,-14.800,deg
S04,walk1,0.82,hip_flexion_r,-21.806,-15.045,deg
S04,walk1,0.84,hip_flexion_r,-20.087,-14.963,deg
S04,walk1,0.86,hip_flexion_r,-17.100,-14.557,deg
S04,walk1,0.88,hip_flexion_r,-14.971,-13.831,deg
S04,walk1,0.90,hip_flexion_r,-14.770,-12.796,deg
S04,walk1,0.92,hip_flexion_r,-17.409,-11.463,deg
S04,walk1,0.94,hip_flexion_r,-12.522,-9.852,deg
S04,walk1,0.96,hip_flexion_r,-7.497,-7.983,deg
S04,walk1,0.98,hip_flexion_r,-6.001,-5.880,deg
S04,walk1,1.00,hip_flexion_r,-5.278,-3.571,deg
S04,walk1,1.02,hip_flexion_r,-4.814,-1.085,deg
S04,walk1,1.04,hip_flexion_r,1.612,1.544,deg
S04,walk1,1.06,hip_flexion_r,1.325,4.283,deg
S04,walk1,1.08,hip_flexion_r,2.662,7.095,deg
S04,walk1,1.10,hip_flexion_r,6.429,9.945,deg
S04,walk1,1.12,hip_flexion_r,14.906,12.795,deg
S04,walk1,1.14,hip_flexion_r,14.648,15.608,deg
S04,walk1,1.16,hip_flexion_r,19.734,18.346,deg
S04,walk1,1.18,hip_flexion_r,18.267,20.976,deg
S04,walk2,0.00,knee_angle_r,4.507,5.469,deg
S04,walk2,0.02,knee_angle_r,12.614,5.665,deg
S04,walk2,0.04,knee_angle_r,7.982,6.249,deg
S04,walk2,0.06,knee_angle_r,5.046,7.214,deg
S04,walk2,0.08,knee_angle_r,7.495,8.547,deg
S04,walk2,0.10,knee_angle_r,10.244,10.231,deg
S04,walk2,0.12,knee_angle_r,14.709,12.245,deg
S04,walk2,0.14,knee_angle_r,11.695,14.561,deg
S04,walk2,0.16,knee_angle_r,10.268,17.150,deg
S04,walk2,0.18,knee_angle_r,17.198,19.977,deg
S04,walk2,0.20,knee_angle_r,20.809,23.007,deg
S04,walk2,0.22,knee_angle_r,23.964,26.199,deg
S04,walk2,0.24,knee_angle_r,30.567,29.511,deg
S04,walk2,0.26,knee_angle_r,30.619,32.902,deg
S04,walk2,0.28,knee_angle_r,35.189,36.326,deg
S04,walk2,0.30,knee_angle_r,32.518,39.739,deg
S04,walk2,0.32,knee_angle_r,41.447,43.096,deg
S04,walk2,0.34,knee_angle_r,48.064,46.353,deg
S04,walk2,0.36,knee_angle_r,46.898,49.469,deg
S04,walk2,0.38,knee_angle_r,47.980,52.402,deg
S04,walk2,0.40,knee_angle_r,50.122,55.115,deg
S04,walk2,0.42,knee_angle_r,57.233,57.571,deg
S04,walk2,0.44,knee_angle_r,51.041,59.740,deg
S04,walk2,0.46,knee_angle_r,55.156,61.591,deg
S04,walk2,0.48,knee_angle_r,58.230,63.103,deg
S04,walk2,0.50,knee_angle_r,60.118,64.254,deg
S04,walk2,0.52,knee_angle_r,57.272,65.030,deg
S04,walk2,0.54,knee_angle_r,59.857,65.420,deg
S04,walk2,0.56,knee_angle_r,58.101,65.420,deg
S04,walk2,0.58,knee_angle_r,58.945,65.030,deg
S04,walk2,0.60,knee_angle_r,57.489,64.254,deg
S04,walk2,0.62,knee_angle_r,53.425,63.103,deg
S04,walk2,0.64,knee_angle_r,55.426,61.591,deg
S04,walk2,0.66,knee_angle_r,56.454,59.740,deg
S04,walk2,0.68,knee_angle_r,48.970,57.571,deg
S04,walk2,0.70,knee_angle_r,48.937,55.115,deg
S04,walk2,0.72,knee_angle_r,49.214,52.402,deg
S04,walk2,0.74,knee_angle_r,41.370,49.469,deg
S04,walk2,0.76,knee_angle_r,42.323,46.353,deg
S04,walk2,0.78,knee_angle_r,35.663,43.096,deg
S04,walk2,0.80,knee_angle_r,39.226,39.739,deg
S04,walk2,0.82,knee_angle_r,39.689,36.326,deg
S04,walk2,0.84,knee_angle_r,35.736,32.902,deg
S04,walk2,0.86,knee_angle_r,25.960,29.511,deg
S04,walk2,0.88,knee_angle_r,25.856,26.199,deg
S04,walk2,0.90,knee_angle_r,21.126,23.007,deg
S04,walk2,0.92,knee_angle_r,18.343,19.977,deg
S04,walk2,0.94,knee_angle_r,20.135,17.150,deg
S04,walk2,0.96,knee_angle_r,9.204,14.561,deg
S04,walk2,0.98,knee_angle_r,14.243,12.245,deg
S04,walk2,1.00,knee_angle_r,9.119,10.231,deg
S04,walk2,1.02,knee_angle_r,11.975,8.547,deg
S04,walk2,1.04,knee_angle_r,7.111,7.214,deg
S04,walk2,1.06,knee_angle_r,3.663,6.249,deg
S04,walk2,1.08,knee_angle_r,5.987,5.665,deg
S04,walk2,1.10,knee_angle_r,7.187,5.469,deg
S04,walk2,1.12,knee_angle_r,5.263,5.665,deg
S04,walk2,1.14,knee_angle_r,7.145,6.249,deg
S04,walk2,1.16,knee_angle_r,4.984,7.214,deg
S04,walk2,1.18,knee_angle_r,1.348,8.547,deg
S04,walk2,0.00,hip_flexion_r,10.439,9.699,deg
S04,walk2,0.02,hip_flexion_r,12.787,12.549,deg
S04,walk2,0.04,hip_flexion_r,14.222,15.362,deg
S04,walk2,0.06,hip_flexion_r,16.761,18.100,deg
S04,walk2,0.08,hip_flexion_r,21.810,20.730,deg
S04,walk2,0.10,hip_flexion_r,20.562,23.215,deg
S04,walk2,0.12,hip_flexion_r,22.248,25.525,deg
S04,walk2,0.14,hip_flexion_r,25.646,27.628,deg
S04,walk2,0.16,hip_flexion_r,30.959,29.497,deg
S04,walk2,0.18,hip_flexion_r,26.130,31.108,deg
S04,walk2,0.20,hip_flexion_r,33.909,32.440,deg
S04,walk2,0.22,hip_flexion_r,30.367,33.476,deg
S04,walk2,0.24,hip_flexion_r,29.939,34.201,deg
S04,walk2,0.26,hip_flexion_r,36.247,34.608,deg
S04,walk2,0.28,hip_flexion_r,32.936,34.689,deg
S04,walk2,0.30,hip_flexion_r,29.684,34.445,deg
S04,walk2,0.32,hip_flexion_r,31.471,33.878,deg
S04,walk2,0.34,hip_flexion_r,33.813,32.996,deg
S04,walk2,0.36,hip_flexion_r,33.280,31.810,deg
S04,walk2,0.38,hip_flexion_r,27.758,30.336,deg
S04,walk2,0.40,hip_flexion_r,28.098,28.593,deg
S04,walk2,0.42,hip_flexion_r,26.878,26.604,deg
S04,walk2,0.44,hip_flexion_r,21.272,24.394,deg
S04,walk2,0.46,hip_flexion_r,21.370,21.993,deg
S04,walk2,0.48,hip_flexion_r,17.841,19.431,deg
S04,walk2,0.50,hip_flexion_r,13.892,16.743,deg
S04,walk2,0.52,hip_flexion_r,11.222,13.962,deg
S04,walk2,0.54,hip_flexion_r,9.784,11.126,deg
S04,walk2,0.56,hip_flexion_r,6.836,8.272,deg
S04,walk2,0.58,hip_flexion_r,2.512,5.436,deg
S04,walk2,0.60,hip_flexion_r,0.081,2.656,deg
S04,walk2,0.62,hip_flexion_r,1.240,-0.033,deg
S04,walk2,0.64,hip_flexion_r,-3.570,-2.594,deg
S04,walk2,0.66,hip_flexion_r,-4.293,-4.995,deg
S04,walk2,0.68,hip_flexion_r,-5.711,-7.205,deg
S04,walk2,0.70,hip_flexion_r,-9.233,-9.194,deg
S04,walk2,0.72,hip_flexion_r,-6.771,-10.938,deg
S04,walk2,0.74,hip_flexion_r,-15.985,-12.412,deg
S04,walk2,0.76,hip_flexion_r,-13.087,-13.597,deg
S04,walk2,0.78,hip_flexion_r,-16.785,-14.479,deg
S04,walk2,0.80,hip_flexion_r,-11.917,-15.046,deg
S04,walk2,0.82,hip_flexion_r,-12.550,-15.291,deg
S04,walk2,0.84,hip_flexion_r,-21.605,-15.209,deg
S04,walk2,0.86,hip_flexion_r,-18.735,-14.803,deg
S04,walk2,0.88,hip_flexion_r,-13.927,-14.077,deg
S04,walk2,0.90,hip_flexion_r,-12.577,-13.042,deg
S04,walk2,0.92,hip_flexion_r,-11.378,-11.709,deg
S04,walk2,0.94,hip_flexion_r,-11.786,-10.098,deg
S04,walk2,0.96,hip_flexion_r,-8.602,-8.229,deg
S04,walk2,0.98,hip_flexion_r,-6.004,-6.126,deg
S04,walk2,1.00,hip_flexion_r,-5.522,-3.817,deg
S04,walk2,1.02,hip_flexion_r,-0.273,-1.331,deg
S04,walk2,1.04,hip_flexion_r,-5.861,1.298,deg
S04,walk2,1.06,hip_flexion_r,4.111,4.037,deg
S04,walk2,1.08,hip_flexion_r,2.754,6.849,deg
S04,walk2,1.10,hip_flexion_r,10.586,9.699,deg
S04,walk2,1.12,hip_flexion_r,10.467,12.549,deg
S04,walk2,1.14,hip_flexion_r,11.629,15.362,deg
S04,walk2,1.16,hip_flexion_r,17.525,18.100,deg
S04,walk2,1.18,hip_flexion_r,16.941,20.730,deg
S05,walk1,0.00,knee_angle_r,7.665,4.216,deg
S05,walk1,0.02,knee_angle_r,9.420,4.412,deg
S05,walk1,0.04,knee_angle_r,6.451,4.996,deg
S05,walk1,0.06,knee_angle_r,10.888,5.961,deg
S05,walk1,0.08,knee_angle_r,8.999,7.294,deg
S05,walk1,0.10,knee_angle_r,10.181,8.979,deg
S05,walk1,0.12,knee_angle_r,13.993,10.992,deg
S05,walk1,0.14,knee_angle_r,17.532,13.308,deg
S05,walk1,0.16,knee_angle_r,15.663,15.897,deg
S05,walk1,0.18,knee_angle_r,18.500,18.724,deg
S05,walk1,0.20,knee_angle_r,21.476,21.754,deg
S05,walk1,0.22,knee_angle_r,25.079,24.946,deg
S05,walk1,0.24,knee_angle_r,25.111,28.259,deg
S05,walk1,0.26,knee_angle_r,33.948,31.649,deg
S05,walk1,0.28,knee_angle_r,32.744,35.073,deg
S05,walk1,0.30,knee_angle_r,38.404,38.486,deg
S05,walk1,0.32,knee_angle_r,37.562,41.843,deg
S05,walk1,0.34,knee_angle_r,44.047,45.101,deg
S05,walk1,0.36,knee_angle_r,46.949,48.216,deg
S05,walk1,0.38,knee_angle_r,47.152,51.150,deg
S05,walk1,0.40,knee_angle_r,56.918,53.862,deg
S05,walk1,0.42,knee_angle_r,54.180,56.319,deg
S05,walk1,0.44,knee_angle_r,60.349,58.487,deg
S05,walk1,0.46,knee_angle_r,59.562,60.339,deg
S05,walk1,0.48,knee_angle_r,56.058,61.850,deg
S05,walk1,0.50,knee_angle_r,57.934,63.001,deg
S05,walk1,0.52,knee_angle_r,61.087,63.777,deg
S05,walk1,0.54,knee_angle_r,60.314,64.167,deg
S05,walk1,0.56,knee_angle_r,60.279,64.167,deg
S05,walk1,0.58,knee_angle_r,58.920,63.777,deg
S05,walk1,0.60,knee_angle_r,53.655,63.001,deg
S05,walk1,0.62,knee_angle_r,57.369,61.850,deg
S05,walk1,0.64,knee_angle_r,50.030,60.339,deg
S05,walk1,0.66,knee_angle_r,56.133,58.487,deg
S05,walk1,0.68,knee_angle_r,50.888,56.319,deg
S05,walk1,0.70,knee_angle_r,48.709,53.862,deg
S05,walk1,0.72,knee_angle_r,47.757,51.150,deg
S05,walk1,0.74,knee_angle_r,46.592,48.216,deg
S05,walk1,0.76,knee_angle_r,38.674,45.101,deg
S05,walk1,0.78,knee_angle_r,34.793,41.843,deg
S05,walk1,0.80,knee_angle_r,33.819,38.486,deg
S05,walk1,0.82,knee_angle_r,27.820,35.073,deg
S05,walk1,0.84,knee_angle_r,27.963,31.649,deg
S05,walk1,0.86,knee_angle_r,32.585,28.259,deg
S05,walk1,0.88,knee_angle_r,21.661,24.946,deg
S05,walk1,0.90,knee_angle_r,23.912,21.754,deg
S05,walk1,0.92,knee_angle_r,15.117,18.724,deg
S05,walk1,0.94,knee_angle_r,17.584,15.897,deg
S05,walk1,0.96,knee_angle_r,13.398,13.308,deg
S05,walk1,0.98,knee_angle_r,12.093,10.992,deg
S05,walk1,1.00,knee_angle_r,12.167,8.979,deg
S05,walk1,1.02,knee_angle_r,14.213,7.294,deg
S05,walk1,1.04,knee_angle_r,8.329,5.961,deg
S05,walk1,1.06,knee_angle_r,7.249,4.996,deg
S05,walk1,1.08,knee_angle_r,3.430,4.412,deg
S05,walk1,1.10,knee_angle_r,7.924,4.216,deg
S05,walk1,1.12,knee_angle_r,5.612,4.412,deg
S05,walk1,1.14,knee_angle_r,9.372,4.996,deg
S05,walk1,1.16,knee_angle_r,7.614,5.961,deg
S05,walk1,1.18,knee_angle_r,14.167,7.294,deg
S05,walk1,0.00,hip_flexion_r,4.117,9.987,deg
S05,walk1,0.02,hip_flexion_r,11.182,12.836,deg
S05,walk1,0.04,hip_flexion_r,16.940,15.649,deg
S05,walk1,0.06,hip_flexion_r,16.598,18.388,deg
S05,walk1,0.08,hip_flexion_r,18.124,21.017,deg
S05,walk1,0.10,hip_flexion_r,21.925,23.503,deg
S05,walk1,0.12,hip_flexion_r,21.449,25.812,deg
S05,walk1,0.14,hip_flexion_r,27.300,27.915,deg
S05,walk1,0.16,hip_flexion_r,34.973,29.784,deg
S05,walk1,0.18,hip_flexion_r,33.345,31.395,deg
S05,walk1,0.20,hip_flexion_r,29.042,32.727,deg
S05,walk1,0.22,hip_flexion_r,30.667,33.763,deg
S05,walk1,0.24,hip_flexion_r,32.564,34.489,deg
S05,walk1,0.26,hip_flexion_r,36.493,34.895,deg
S05,walk1,0.28,hip_flexion_r,32.010,34.976,deg
S05,walk1,0.30,hip_flexion_r,32.094,34.732,deg
S05,walk1,0.32,hip_flexion_r,35.464,34.165,deg
S05,walk1,0.34,hip_flexion_r,34.532,33.283,deg
S05,walk1,0.36,hip_flexion_r,30.250,32.097,deg
S05,walk1,0.38,hip_flexion_r,26.916,30.623,deg
S05,walk1,0.40,hip_flexion_r,24.093,28.880,deg
S05,walk1,0.42,hip_flexion_r,24.231,26.891,deg
S05,walk1,0.44,hip_flexion_r,18.192,24.681,deg
S05,walk1,0.46,hip_flexion_r,23.242,22.280,deg
S05,walk1,0.48,hip_flexion_r,17.231,19.718,deg
S05,walk1,0.50,hip_flexion_r,17.320,17.030,deg
S05,walk1,0.52,hip_flexion_r,18.008,14.250,deg
S05,walk1,0.54,hip_flexion_r,13.434,11.414,deg
S05,walk1,0.56,hip_flexion_r,4.769,8.559,deg
S05,walk1,0.58,hip_flexion_r,6.984,5.724,deg
S05,walk1,0.60,hip_flexion_r,4.925,2.943,deg
S05,walk1,0.62,hip_flexion_r,-2.524,0.255,deg
S05,walk1,0.64,hip_flexion_r,-5.603,-2.307,deg
S05,walk1,0.66,hip_flexion_r,-5.895,-4.708,deg
S05,walk1,0.68,hip_flexion_r,-11.834,-6.918,deg
S05,walk1,0.70,hip_flexion_r,-6.143,-8.907,deg
S05,walk1,0.72,hip_flexion_r,-17.576,-10.650,deg
S05,walk1,0.74,hip_flexion_r,-15.804,-12.124,deg
S05,walk1,0.76,hip_flexion_r,-14.897,-13.310,deg
S05,walk1,0.78,hip_flexion_r,-15.673,-14.192,deg
S05,walk1,0.80,hip_flexion_r,-15.256,-14.759,deg
S05,walk1,0.82,hip_flexion_r,-15.237,-15.003,deg
S05,walk1,0.84,hip_flexion_r,-16.368,-14.922,deg
S05,walk1,0.86,hip_flexion_r,-12.586,-14.515,deg
S05,walk1,0.88,hip_flexion_r,-20.051,-13.790,deg
S05,walk1,0.90,hip_flexion_r,-13.667,-12.754,deg
S05,walk1,0.92,hip_flexion_r,-14.121,-11.422,deg
S05,walk1,0.94,hip_flexion_r,-10.392,-9.811,deg
S05,walk1,0.96,hip_flexion_r,-8.303,-7.942,deg
S05,walk1,0.98,hip_flexion_r,-9.031,-5.839,deg
S05,walk1,1.00,hip_flexion_r,-6.045,-3.529,deg
S05,walk1,1.02,hip_flexion_r,0.025,-1.044,deg
S05,walk1,1.04,hip_flexion_r,1.545,1.585,deg
S05,walk1,1.06,hip_flexion_r,1.711,4.324,deg
S05,walk1,1.08,hip_flexion_r,11.324,7.137,deg
S05,walk1,1.10,hip_flexion_r,14.847,9.987,deg
S05,walk1,1.12,hip_flexion_r,8.268,12.836,deg
S05,walk1,1.14,hip_flexion_r,15.491,15.649,deg
S05,walk1,1.16,hip_flexion_r,23.748,18.388,deg
S05,walk1,1.18,hip_flexion_r,22.064,21.017,deg
S05,walk2,0.00,knee_angle_r,4.551,5.111,deg
S05,walk2,0.02,knee_angle_r,5.713,5.306,deg
S05,walk2,0.04,knee_angle_r,5.224,5.890,deg
S05,walk2,0.06,knee_angle_r,9.979,6.855,deg
S05,walk2,0.08,knee_angle_r,7.750,8.189,deg
S05,walk2,0.10,knee_angle_r,9.137,9.873,deg
S05,walk2,0.12,knee_angle_r,8.666,11.886,deg
S05,walk2,0.14,knee_angle_r,14.208,14.202,deg
S05,walk2,0.16,knee_angle_r,14.005,16.791,deg
S05,walk2,0.18,knee_angle_r,18.689,19.619,deg
S05,walk2,0.20,knee_angle_r,25.084,22.648,deg
S05,walk2,0.22,knee_angle_r,25.929,25.840,deg
S05,walk2,0.24,knee_angle_r,29.327,29.153,deg
S05,walk2,0.26,knee_angle_r,31.932,32.543,deg
S05,walk2,0.28,knee_angle_r,34.123,35.967,deg
S05,walk2,0.30,knee_angle_r,36.635,39.380,deg
S05,walk2,0.32,knee_angle_r,39.115,42.737,deg
S05,walk2,0.34,knee_angle_r,45.248,45.995,deg
S05,walk2,0.36,knee_angle_r,42.522,49.111,deg
S05,walk2,0.38,knee_angle_r,52.437,52.044,deg
S05,walk2,0.40,knee_angle_r,50.958,54.756,deg
S05,walk2,0.42,knee_angle_r,50.820,57.213,deg
S05,walk2,0.44,knee_angle_r,53.550,59.381,deg
S05,walk2,0.46,knee_angle_r,54.654,61.233,deg
S05,walk2,0.48,knee_angle_r,58.525,62.744,deg
S05,walk2,0.50,knee_angle_r,56.927,63.895,deg
S05,walk2,0.52,knee_angle_r,63.205,64.671,deg
S05,walk2,0.54,knee_angle_r,57.786,65.062,deg
S05,walk2,0.56,knee_angle_r,53.313,65.062,deg
S05,walk2,0.58,knee_angle_r,57.586,64.671,deg
S05,walk2,0.60,knee_angle_r,53.055,63.895,deg
S05,walk2,0.62,knee_angle_r,57.925,62.744,deg
S05,walk2,0.64,knee_angle_r,59.862,61.233,deg
S05,walk2,0.66,knee_angle_r,56.961,59.381,deg
S05,walk2,0.68,knee_angle_r,49.054,57.213,deg
S05,walk2,0.70,knee_angle_r,48.569,54.756,deg
S05,walk2,0.72,knee_angle_r,53.750,52.044,deg
S05,walk2,0.74,knee_angle_r,46.730,49.111,deg
S05,walk2,0.76,knee_angle_r,42.983,45.995,deg
S05,walk2,0.78,knee_angle_r,43.207,42.737,deg
S05,walk2,0.80,knee_angle_r,44.375,39.380,deg
S05,walk2,0.82,knee_angle_r,37.835,35.967,deg
S05,walk2,0.84,knee_angle_r,31.282,32.543,deg
S05,walk2,0.86,knee_angle_r,28.877,29.153,deg
S05,walk2,0.88,knee_angle_r,26.682,25.840,deg
S05,walk2,0.90,knee_angle_r,20.120,22.648,deg
S05,walk2,0.92,knee_angle_r,16.056,19.619,deg
S05,walk2,0.94,knee_angle_r,16.844,16.791,deg
S05,walk2,0.96,knee_angle_r,11.516,14.202,deg
S05,walk2,0.98,knee_angle_r,12.088,11.886,deg
S05,walk2,1.00,knee_angle_r,10.749,9.873,deg
S05,walk2,1.02,knee_angle_r,15.968,8.189,deg
S05,walk2,1.04,knee_angle_r,5.192,6.855,deg
S05,walk2,1.06,knee_angle_r,6.511,5.890,deg
S05,walk2,1.08,knee_angle_r,5.858,5.306,deg
S05,walk2,1.10,knee_angle_r,7.486,5.111,deg
S05,walk2,1.12,knee_angle_r,9.491,5.306,deg
S05,walk2,1.14,knee_angle_r,5.405,5.890,deg
S05,walk2,1.16,knee_angle_r,5.281,6.855,deg
S05,walk2,1.18,knee_angle_r,4.023,8.189,deg
S05,walk2,0.00,hip_flexion_r,6.668,9.896,deg
S05,walk2,0.02,hip_flexion_r,13.174,12.746,deg
S05,walk2,0.04,hip_flexion_r,14.760,15.558,deg
S05,walk2,0.06,hip_flexion_r,14.846,18.297,deg
S05,walk2,0.08,hip_flexion_r,19.082,20.926,deg
S05,walk2,0.10,hip_flexion_r,22.578,23.412,deg
S05,walk2,0.12,hip_flexion_r,26.068,25.721,deg
S05,walk2,0.14,hip_flexion_r,25.428,27.824,deg
S05,walk2,0.16,hip_flexion_r,28.155,29.694,deg
S05,walk2,0.18,hip_flexion_r,25.846,31.305,deg
S05,walk2,0.20,hip_flexion_r,28.846,32.637,deg
S05,walk2,0.22,hip_flexion_r,36.804,33.672,deg
S05,walk2,0.24,hip_flexion_r,28.015,34.398,deg
S05,walk2,0.26,hip_flexion_r,33.047,34.804,deg
S05,walk2,0.28,hip_flexion_r,34.521,34.886,deg
S05,walk2,0.30,hip_flexion_r,32.793,34.642,deg
S05,walk2,0.32,hip_flexion_r,31.141,34.075,deg
S05,walk2,0.34,hip_flexion_r,32.127,33.193,deg
S05,walk2,0.36,hip_flexion_r,31.082,32.007,deg
S05,walk2,0.38,hip_flexion_r,29.415,30.533,deg
S05,walk2,0.40,hip_flexion_r,23.183,28.790,deg
S05,walk2,0.42,hip_flexion_r,25.519,26.800,deg
S05,walk2,0.44,hip_flexion_r,21.540,24.591,deg
S05,walk2,0.46,hip_flexion_r,19.907,22.189,deg
S05,walk2,0.48,hip_flexion_r,19.282,19.628,deg
S05,walk2,0.50,hip_flexion_r,17.628,16.939,deg
S05,walk2,0.52,hip_flexion_r,15.488,14.159,deg
S05,walk2,0.54,hip_flexion_r,9.169,11.323,deg
S05,walk2,0.56,hip_flexion_r,9.866,8.469,deg
S05,walk2,0.58,hip_flexion_r,7.654,5.633,deg
S05,walk2,0.60,hip_flexion_r,4.781,2.853,deg
S05,walk2,0.62,hip_flexion_r,2.726,0.164,deg
S05,walk2,0.64,hip_flexion_r,-3.674,-2.397,deg
S05,walk2,0.66,hip_flexion_r,-6.147,-4.799,deg
S05,walk2,0.68,hip_flexion_r,-5.859,-7.008,deg
S05,walk2,0.70,hip_flexion_r,-13.327,-8.998,deg
S05,walk2,0.72,hip_flexion_r,-11.130,-10.741,deg
S05,walk2,0.74,hip_flexion_r,-14.454,-12.215,deg
S05,walk2,0.76,hip_flexion_r,-15.235,-13.401,deg
S05,walk2,0.78,hip_flexion_r,-19.549,-14.283,deg
S05,walk2,0.80,hip_flexion_r,-17.989,-14.850,deg
S05,walk2,0.82,hip_flexion_r,-16.058,-15.094,deg
S05,walk2,0.84,hip_flexion_r,-13.704,-15.012,deg
S05,walk2,0.86,hip_flexion_r,-13.044,-14.606,deg
S05,walk2,0.88,hip_flexion_r,-14.994,-13.880,deg
S05,walk2,0.90,hip_flexion_r,-14.231,-12.845,deg
S05,walk2,0.92,hip_flexion_r,-14.502,-11.513,deg
S05,walk2,0.94,hip_flexion_r,-9.808,-9.902,deg
S05,walk2,0.96,hip_flexion_r,-9.564,-8.032,deg
S05,walk2,0.98,hip_flexion_r,-5.327,-5.929,deg
S05,walk2,1.00,hip_flexion_r,-0.154,-3.620,deg
S05,walk2,1.02,hip_flexion_r,-2.128,-1.135,deg
S05,walk2,1.04,hip_flexion_r,-3.161,1.495,deg
S05,walk2,1.06,hip_flexion_r,1.169,4.234,deg
S05,walk2,1.08,hip_flexion_r,2.488,7.046,deg
S05,walk2,1.10,hip_flexion_r,5.990,9.896,deg
S05,walk2,1.12,hip_flexion_r,15.096,12.746,deg
S05,walk2,1.14,hip_flexion_r,15.212,15.558,deg
S05,walk2,1.16,hip_flexion_r,13.584,18.297,deg
S05,walk2,1.18,hip_flexion_r,21.648,20.926,deg
S06,walk1,0.00,knee_angle_r,9.509,4.820,deg
S06,walk1,0.02,knee_angle_r,11.551,5.016,deg
S06,walk1,0.04,knee_angle_r,13.142,5.600,deg
S06,walk1,0.06,knee_angle_r,15.638,6.565,deg
S06,walk1,0.08,knee_angle_r,16.928,7.898,deg
S06,walk1,0.10,knee_angle_r,18.363,9.582,deg
S06,walk1,0.12,knee_angle_r,20.705,11.596,deg
S06,walk1,0.14,knee_angle_r,20.688,13.912,deg
S06,walk1,0.16,knee_angle_r,16.441,16.501,deg
S06,walk1,0.18,knee_angle_r,23.185,19.328,deg
S06,walk1,0.20,knee_angle_r,27.246,22.358,deg
S06,walk1,0.22,knee_angle_r,28.028,25.550,deg
S06,walk1,0.24,knee_angle_r,34.893,28.862,deg
S06,walk1,0.26,knee_angle_r,34.130,32.253,deg
S06,walk1,0.28,knee_angle_r,35.515,35.677,deg
S06,walk1,0.30,knee_angle_r,45.696,39.090,deg
S06,walk1,0.32,knee_angle_r,46.383,42.447,deg
S06,walk1,0.34,knee_angle_r,47.974,45.704,deg
S06,walk1,0.36,knee_angle_r,52.901,48.820,deg
S06,walk1,0.38,knee_angle_r,55.948,51.753,deg
S06,walk1,0.40,knee_angle_r,56.225,54.466,deg
S06,walk1,0.42,knee_angle_r,50.040,56.922,deg
S06,walk1,0.44,knee_angle_r,57.337,59.091,deg
S06,walk1,0.46,knee_angle_r,59.661,60.942,deg
S06,walk1,0.48,knee_angle_r,59.438,62.454,deg
S06,walk1,0.50,knee_angle_r,64.023,63.605,deg
S06,walk1,0.52,knee_angle_r,67.702,64.381,deg
S06,walk1,0.54,knee_angle_r,63.022,64.771,deg
S06,walk1,0.56,knee_angle_r,61.072,64.771,deg
S06,walk1,0.58,knee_angle_r,70.209,64.381,deg
S06,walk1,0.60,knee_angle_r,62.073,63.605,deg
S06,walk1,0.62,knee_angle_r,58.692,62.454,deg
S06,walk1,0.64,knee_angle_r,61.744,60.942,deg
S06,walk1,0.66,knee_angle_r,60.641,59.091,deg
S06,walk1,0.68,knee_angle_r,55.298,56.922,deg
S06,walk1,0.70,knee_angle_r,57.573,54.466,deg
S06,walk1,0.72,knee_angle_r,51.299,51.753,deg
S06,walk1,0.74,knee_angle_r,47.352,48.820,deg
S06,walk1,0.76,knee_angle_r,47.852,45.704,deg
S06,walk1,0.78,knee_angle_r,46.697,42.447,deg
S06,walk1,0.80,knee_angle_r,39.462,39.090,deg
S06,walk1,0.82,knee_angle_r,39.284,35.677,deg
S06,walk1,0.84,knee_angle_r,34.930,32.253,deg
S06,walk1,0.86,knee_angle_r,40.632,28.862,deg
S06,walk1,0.88,knee_angle_r,27.052,25.550,deg
S06,walk1,0.90,knee_angle_r,30.457,22.358,deg
S06,walk1,0.92,knee_angle_r,23.421,19.328,deg
S06,walk1,0.94,knee_angle_r,20.653,16.501,deg
S06,walk1,0.96,knee_angle_r,20.868,13.912,deg
S06,walk1,0.98,knee_angle_r,19.301,11.596,deg
S06,walk1,1.00,knee_angle_r,18.608,9.582,deg
S06,walk1,1.02,knee_angle_r,14.277,7.898,deg
S06,walk1,1.04,knee_angle_r,10.290,6.565,deg
S06,walk1,1.06,knee_angle_r,9.609,5.600,deg
S06,walk1,1.08,knee_angle_r,12.226,5.016,deg
S06,walk1,1.10,knee_angle_r,12.263,4.820,deg
S06,walk1,1.12,knee_angle_r,14.891,5.016,deg
S06,walk1,1.14,knee_angle_r,12.478,5.600,deg
S06,walk1,1.16,knee_angle_r,15.271,6.565,deg
S06,walk1,1.18,knee_angle_r,17.841,7.898,deg
S06,walk1,0.00,hip_flexion_r,11.334,9.662,deg
S06,walk1,0.02,hip_flexion_r,10.058,12.512,deg
S06,walk1,0.04,hip_flexion_r,13.637,15.324,deg
S06,walk1,0.06,hip_flexion_r,15.729,18.063,deg
S06,walk1,0.08,hip_flexion_r,25.932,20.693,deg
S06,walk1,0.10,hip_flexion_r,22.320,23.178,deg
S06,walk1,0.12,hip_flexion_r,29.827,25.487,deg
S06,walk1,0.14,hip_flexion_r,30.315,27.590,deg
S06,walk1,0.16,hip_flexion_r,35.008,29.460,deg
S06,walk1,0.18,hip_flexion_r,34.839,31.071,deg
S06,walk1,0.20,hip_flexion_r,33.407,32.403,deg
S06,walk1,0.22,hip_flexion_r,34.199,33.438,deg
S06,walk1,0.24,hip_flexion_r,35.637,34.164,deg
S06,walk1,0.26,hip_flexion_r,36.269,34.570,deg
S06,walk1,0.28,hip_flexion_r,34.585,34.652,deg
S06,walk1,0.30,hip_flexion_r,35.586,34.408,deg
S06,walk1,0.32,hip_flexion_r,39.124,33.841,deg
S06,walk1,0.34,hip_flexion_r,29.964,32.959,deg
S06,walk1,0.36,hip_flexion_r,33.679,31.773,deg
S06,walk1,0.38,hip_flexion_r,29.292,30.299,deg
S06,walk1,0.40,hip_flexion_r,30.284,28.556,deg
S06,walk1,0.42,hip_flexion_r,29.926,26.566,deg
S06,walk1,0.44,hip_flexion_r,25.473,24.357,deg
S06,walk1,0.46,hip_flexion_r,25.148,21.955,deg
S06,walk1,0.48,hip_flexion_r,16.680,19.394,deg
S06,walk1,0.50,hip_flexion_r,20.733,16.705,deg
S06,walk1,0.52,hip_flexion_r,13.678,13.925,deg
S06,walk1,0.54,hip_flexion_r,13.906,11.089,deg
S06,walk1,0.56,hip_flexion_r,9.951,8.235,deg
S06,walk1,0.58,hip_flexion_r,0.195,5.399,deg
S06,walk1,0.60,hip_flexion_r,1.989,2.619,deg
S06,walk1,0.62,hip_flexion_r,1.742,-0.070,deg
S06,walk1,0.64,hip_flexion_r,2.514,-2.631,deg
S06,walk1,0.66,hip_flexion_r,-3.054,-5.033,deg
S06,walk1,0.68,hip_flexion_r,-5.338,-7.242,deg
S06,walk1,0.70,hip_flexion_r,-11.503,-9.232,deg
S06,walk1,0.72,hip_flexion_r,-6.137,-10.975,deg
S06,walk1,0.74,hip_flexion_r,-6.671,-12.449,deg
S06,walk1,0.76,hip_flexion_r,-12.303,-13.635,deg
S06,walk1,0.78,hip_flexion_r,-13.806,-14.517,deg
S06,walk1,0.80,hip_flexion_r,-17.871,-15.084,deg
S06,walk1,0.82,hip_flexion_r,-11.859,-15.328,deg
S06,walk1,0.84,hip_flexion_r,-7.230,-15.246,deg
S06,walk1,0.86,hip_flexion_r,-11.787,-14.840,deg
S06,walk1,0.88,hip_flexion_r,-9.695,-14.114,deg
S06,walk1,0.90,hip_flexion_r,-10.463,-13.079,deg
S06,walk1,0.92,hip_flexion_r,-12.949,-11.747,deg
S06,walk1,0.94,hip_flexion_r,-5.533,-10.136,deg
S06,walk1,0.96,hip_flexion_r,-10.092,-8.266,deg
S06,walk1,0.98,hip_flexion_r,-5.430,-6.163,deg
S06,walk1,1.00,hip_flexion_r,-1.897,-3.854,deg
S06,walk1,1.02,hip_flexion_r,2.099,-1.369,deg
S06,walk1,1.04,hip_flexion_r,3.561,1.261,deg
S06,walk1,1.06,hip_flexion_r,6.227,4.000,deg
S06,walk1,1.08,hip_flexion_r,6.169,6.812,deg
S06,walk1,1.10,hip_flexion_r,7.699,9.662,deg
S06,walk1,1.12,hip_flexion_r,13.926,12.512,deg
S06,walk1,1.14,hip_flexion_r,14.809,15.324,deg
S06,walk1,1.16,hip_flexion_r,16.054,18.063,deg
S06,walk1,1.18,hip_flexion_r,18.788,20.693,deg
S06,walk2,0.00,knee_angle_r,6.478,4.755,deg
S06,walk2,0.02,knee_angle_r,5.791,4.950,deg
S06,walk2,0.04,knee_angle_r,11.769,5.535,deg
S06,walk2,0.06,knee_angle_r,13.315,6.500,deg
S06,walk2,0.08,knee_angle_r,19.312,7.833,deg
S06,walk2,0.10,knee_angle_r,10.314,9.517,deg
S06,walk2,0.12,knee_angle_r,14.580,11.531,deg
S06,walk2,0.14,knee_angle_r,21.441,13.847,deg
S06,walk2,0.16,knee_angle_r,20.383,16.435,deg
S06,walk2,0.18,knee_angle_r,22.597,19.263,deg
S06,walk2,0.20,knee_angle_r,31.432,22.292,deg
S06,walk2,0.22,knee_angle_r,28.162,25.484,deg
S06,walk2,0.24,knee_angle_r,28.690,28.797,deg
S06,walk2,0.26,knee_angle_r,31.259,32.188,deg
S06,walk2,0.28,knee_angle_r,39.299,35.612,deg
S06,walk2,0.30,knee_angle_r,42.279,39.024,deg
S06,walk2,0.32,knee_angle_r,40.270,42.381,deg
S06,walk2,0.34,knee_angle_r,44.360,45.639,deg
S06,walk2,0.36,knee_angle_r,51.725,48.755,deg
S06,walk2,0.38,knee_angle_r,54.493,51.688,deg
S06,walk2,0.40,knee_angle_r,53.272,54.401,deg
S06,walk2,0.42,knee_angle_r,59.279,56.857,deg
S06,walk2,0.44,knee_angle_r,61.080,59.025,deg
S06,walk2,0.46,knee_angle_r,55.682,60.877,deg
S06,walk2,0.48,knee_angle_r,61.455,62.389,deg
S06,walk2,0.50,knee_angle_r,64.672,63.540,deg
S06,walk2,0.52,knee_angle_r,62.406,64.316,deg
S06,walk2,0.54,knee_angle_r,58.060,64.706,deg
S06,walk2,0.56,knee_angle_r,63.628,64.706,deg
S06,walk2,0.58,knee_angle_r,66.382,64.316,deg
S06,walk2,0.60,knee_angle_r,68.168,63.540,deg
S06,walk2,0.62,knee_angle_r,55.819,62.389,deg
S06,walk2,0.64,knee_angle_r,68.871,60.877,deg
S06,walk2,0.66,knee_angle_r,55.983,59.025,deg
S06,walk2,0.68,knee_angle_r,60.284,56.857,deg
S06,walk2,0.70,knee_angle_r,58.905,54.401,deg
S06,walk2,0.72,knee_angle_r,55.710,51.688,deg
S06,walk2,0.74,knee_angle_r,50.570,48.755,deg
S06,walk2,0.76,knee_angle_r,43.832,45.639,deg
S06,walk2,0.78,knee_angle_r,46.264,42.381,deg
S06,walk2,0.80,knee_angle_r,39.218,39.024,deg
S06,walk2,0.82,knee_angle_r,30.724,35.612,deg
S06,walk2,0.84,knee_angle_r,43.697,32.188,deg
S06,walk2,0.86,knee_angle_r,34.283,28.797,deg
S06,walk2,0.88,knee_angle_r,34.632,25.484,deg
S06,walk2,0.90,knee_angle_r,23.570,22.292,deg
S06,walk2,0.92,knee_angle_r,27.981,19.263,deg
S06,walk2,0.94,knee_angle_r,25.803,16.435,deg
S06,walk2,0.96,knee_angle_r,23.367,13.847,deg
S06,walk2,0.98,knee_angle_r,16.555,11.531,deg
S06,walk2,1.00,knee_angle_r,11.200,9.517,deg
S06,walk2,1.02,knee_angle_r,12.759,7.833,deg
S06,walk2,1.04,knee_angle_r,5.483,6.500,deg
S06,walk2,1.06,knee_angle_r,6.116,5.535,deg
S06,walk2,1.08,knee_angle_r,10.973,4.950,deg
S06,walk2,1.10,knee_angle_r,7.547,4.755,deg
S06,walk2,1.12,knee_angle_r,10.203,4.950,deg
S06,walk2,1.14,knee_angle_r,10.895,5.535,deg
S06,walk2,1.16,knee_angle_r,17.883,6.500,deg
S06,walk2,1.18,knee_angle_r,17.184,7.833,deg
S06,walk2,0.00,hip_flexion_r,10.222,9.074,deg
S06,walk2,0.02,hip_flexion_r,16.206,11.923,deg
S06,walk2,0.04,hip_flexion_r,14.047,14.736,deg
S06,walk2,0.06,hip_flexion_r,17.893,17.475,deg
S06,walk2,0.08,hip_flexion_r,23.640,20.104,deg
S06,walk2,0.10,hip_flexion_r,20.746,22.590,deg
S06,walk2,0.12,hip_flexion_r,25.462,24.899,deg
S06,walk2,0.14,hip_flexion_r,24.960,27.002,deg
S06,walk2,0.16,hip_flexion_r,30.425,28.871,deg
S06,walk2,0.18,hip_flexion_r,35.824,30.482,deg
S06,walk2,0.20,hip_flexion_r,31.195,31.815,deg
S06,walk2,0.22,hip_flexion_r,34.675,32.850,deg
S06,walk2,0.24,hip_flexion_r,32.593,33.576,deg
S06,walk2,0.26,hip_flexion_r,32.369,33.982,deg
S06,walk2,0.28,hip_flexion_r,32.234,34.064,deg
S06,walk2,0.30,hip_flexion_r,38.717,33.819,deg
S06,walk2,0.32,hip_flexion_r,40.419,33.252,deg
S06,walk2,0.34,hip_flexion_r,34.838,32.370,deg
S06,walk2,0.36,hip_flexion_r,30.654,31.185,deg
S06,walk2,0.38,hip_flexion_r,32.733,29.711,deg
S06,walk2,0.40,hip_flexion_r,28.392,27.967,deg
S06,walk2,0.42,hip_flexion_r,29.242,25.978,deg
S06,walk2,0.44,hip_flexion_r,25.756,23.768,deg
S06,walk2,0.46,hip_flexion_r,23.327,21.367,deg
S06,walk2,0.48,hip_flexion_r,21.584,18.805,deg
S06,walk2,0.50,hip_flexion_r,15.929,16.117,deg
S06,walk2,0.52,hip_flexion_r,13.586,13.337,deg
S06,walk2,0.54,hip_flexion_r,7.458,10.501,deg
S06,walk2,0.56,hip_flexion_r,7.802,7.646,deg
S06,walk2,0.58,hip_flexion_r,2.515,4.811,deg
S06,walk2,0.60,hip_flexion_r,2.929,2.030,deg
S06,walk2,0.62,hip_flexion_r,-1.792,-0.658,deg
S06,walk2,0.64,hip_flexion_r,-1.706,-3.220,deg
S06,walk2,0.66,hip_flexion_r,-3.227,-5.621,deg
S06,walk2,0.68,hip_flexion_r,-10.121,-7.831,deg
S06,walk2,0.70,hip_flexion_r,-10.593,-9.820,deg
S06,walk2,0.72,hip_flexion_r,-12.661,-11.563,deg
S06,walk2,0.74,hip_flexion_r,-9.911,-13.037,deg
S06,walk2,0.76,hip_flexion_r,-8.697,-14.223,deg
S06,walk2,0.78,hip_flexion_r,-11.716,-15.105,deg
S06,walk2,0.80,hip_flexion_r,-15.285,-15.672,deg
S06,walk2,0.82,hip_flexion_r,-10.993,-15.916,deg
S06,walk2,0.84,hip_flexion_r,-18.359,-15.835,deg
S06,walk2,0.86,hip_flexion_r,-10.420,-15.428,deg
S06,walk2,0.88,hip_flexion_r,-15.083,-14.703,deg
S06,walk2,0.90,hip_flexion_r,-19.357,-13.667,deg
S06,walk2,0.92,hip_flexion_r,-4.448,-12.335,deg
S06,walk2,0.94,hip_flexion_r,-5.518,-10.724,deg
S06,walk2,0.96,hip_flexion_r,-10.174,-8.855,deg
S06,walk2,0.98,hip_flexion_r,-5.069,-6.752,deg
S06,walk2,1.00,hip_flexion_r,-3.718,-4.442,deg
S06,walk2,1.02,hip_flexion_r,-0.441,-1.957,deg
S06,walk2,1.04,hip_flexion_r,-1.775,0.672,deg
S06,walk2,1.06,hip_flexion_r,2.968,3.411,deg
S06,walk2,1.08,hip_flexion_r,8.654,6.224,deg
S06,walk2,1.10,hip_flexion_r,10.891,9.074,deg
S06,walk2,1.12,hip_flexion_r,16.182,11.923,deg
S06,walk2,1.14,hip_flexion_r,16.196,14.736,deg
S06,walk2,1.16,hip_flexion_r,24.608,17.475,deg
S06,walk2,1.18,hip_flexion_r,19.575,20.104,deg
